id,name,type,parentId,areaCode
1,中国,1,0,-
2,蒙古,1,0,-
3,朝鲜,1,0,-
4,韩国,1,0,-
5,日本,1,0,-
6,菲律宾,1,0,-
7,越南,1,0,-
8,老挝,1,0,-
9,柬埔寨,1,0,-
10,缅甸,1,0,-
11,泰国,1,0,-
12,马来西亚,1,0,-
13,文莱,1,0,-
14,新加坡,1,0,-
15,印度尼西亚,1,0,-
16,东帝汶,1,0,-
17,尼泊尔,1,0,-
18,不丹,1,0,-
19,孟加拉国,1,0,-
20,印度,1,0,-
21,巴基斯坦,1,0,-
22,斯里兰卡,1,0,-
23,马尔代夫,1,0,-
24,哈萨克斯坦,1,0,-
25,吉尔吉斯斯坦,1,0,-
26,塔吉克斯坦,1,0,-
27,乌兹别克斯坦,1,0,-
28,土库曼斯坦,1,0,-
29,阿富汗,1,0,-
30,伊拉克,1,0,-
31,伊朗,1,0,-
32,叙利亚,1,0,-
33,约旦,1,0,-
34,黎巴嫩,1,0,-
35,以色列,1,0,-
36,巴勒斯坦,1,0,-
37,沙特阿拉伯,1,0,-
38,巴林,1,0,-
39,卡塔尔,1,0,-
40,科威特,1,0,-
41,阿拉伯联合酋长国,1,0,-
42,阿曼,1,0,-
43,也门,1,0,-
44,格鲁吉亚,1,0,-
45,亚美尼亚,1,0,-
46,阿塞拜疆,1,0,-
47,土耳其,1,0,-
48,塞浦路斯,1,0,-
49,芬兰,1,0,-
50,瑞典,1,0,-
51,挪威,1,0,-
52,冰岛,1,0,-
53,丹麦,1,0,-
54,爱沙尼亚,1,0,-
55,拉脱维亚,1,0,-
56,立陶宛,1,0,-
57,白俄罗斯,1,0,-
58,俄罗斯,1,0,-
59,乌克兰,1,0,-
60,摩尔多瓦,1,0,-
61,波兰,1,0,-
62,捷克,1,0,-
63,斯洛伐克,1,0,-
64,匈牙利,1,0,-
65,德国,1,0,-
66,奥地利,1,0,-
67,瑞士,1,0,-
68,列支敦士登,1,0,-
69,英国,1,0,-
70,爱尔兰,1,0,-
71,荷兰,1,0,-
72,比利时,1,0,-
73,卢森堡,1,0,-
74,法国,1,0,-
75,摩纳哥,1,0,-
76,罗马尼亚,1,0,-
77,保加利亚,1,0,-
78,塞尔维亚,1,0,-
79,马其顿,1,0,-
80,阿尔巴尼亚,1,0,-
81,希腊,1,0,-
82,斯洛文尼亚,1,0,-
83,克罗地亚,1,0,-
84,波斯尼亚和墨塞哥维那,1,0,-
85,意大利,1,0,-
86,梵蒂冈,1,0,-
87,圣马力诺,1,0,-
88,马耳他,1,0,-
89,西班牙,1,0,-
90,葡萄牙,1,0,-
91,安道尔共和国,1,0,-
92,埃及,1,0,-
93,利比亚,1,0,-
94,苏丹,1,0,-
95,突尼斯,1,0,-
96,阿尔及利亚,1,0,-
97,摩洛哥,1,0,-
98,亚速尔群岛,1,0,-
99,马德拉群岛,1,0,-
100,埃塞俄比亚,1,0,-
101,厄立特里亚,1,0,-
102,索马里,1,0,-
103,吉布提,1,0,-
104,肯尼亚,1,0,-
105,坦桑尼亚,1,0,-
106,乌干达,1,0,-
107,卢旺达,1,0,-
108,布隆迪,1,0,-
109,塞舌尔,1,0,-
110,圣多美及普林西比,1,0,-
111,塞内加尔,1,0,-
112,冈比亚,1,0,-
113,马里,1,0,-
114,布基纳法索,1,0,-
115,几内亚,1,0,-
116,几内亚比绍,1,0,-
117,佛得角,1,0,-
118,塞拉利昂,1,0,-
119,利比里亚,1,0,-
120,科特迪瓦,1,0,-
121,加纳,1,0,-
122,多哥,1,0,-
123,贝宁,1,0,-
124,尼日尔,1,0,-
125,加那利群岛,1,0,-
126,赞比亚,1,0,-
127,安哥拉,1,0,-
128,津巴布韦,1,0,-
129,马拉维,1,0,-
130,莫桑比克,1,0,-
131,博茨瓦纳,1,0,-
132,纳米比亚,1,0,-
133,南非,1,0,-
134,斯威士兰,1,0,-
135,莱索托,1,0,-
136,马达加斯加,1,0,-
137,科摩罗,1,0,-
138,毛里求斯,1,0,-
139,留尼旺,1,0,-
140,圣赫勒拿,1,0,-
141,澳大利亚,1,0,-
142,新西兰,1,0,-
143,巴布亚新几内亚,1,0,-
144,所罗门群岛,1,0,-
145,瓦努阿图共和国,1,0,-
146,密克罗尼西亚,1,0,-
147,马绍尔群岛,1,0,-
148,帕劳,1,0,-
149,瑙鲁,1,0,-
150,基里巴斯,1,0,-
151,图瓦卢,1,0,-
152,萨摩亚,1,0,-
153,斐济,1,0,-
154,汤加,1,0,-
155,库克群岛,1,0,-
156,关岛,1,0,-
157,新喀里多尼亚,1,0,-
158,法属波利尼西亚,1,0,-
159,皮特凯恩岛,1,0,-
160,瓦利斯与富图纳,1,0,-
161,纽埃,1,0,-
162,托克劳,1,0,-
163,美属萨摩亚,1,0,-
164,北马里亚纳,1,0,-
165,加拿大,1,0,-
166,美国,1,0,-
167,墨西哥,1,0,-
168,格陵兰,1,0,-
169,危地马拉,1,0,-
170,伯利兹,1,0,-
171,萨尔瓦多,1,0,-
172,洪都拉斯,1,0,-
173,尼加拉瓜,1,0,-
174,哥斯达黎加,1,0,-
175,巴拿马,1,0,-
176,巴哈马,1,0,-
177,古巴,1,0,-
178,牙买加,1,0,-
179,海地,1,0,-
180,多米尼加共和国,1,0,-
181,安提瓜和巴布达,1,0,-
182,圣基茨和尼维斯,1,0,-
183,多米尼克,1,0,-
184,圣卢西亚,1,0,-
185,圣文森特和格林纳丁斯,1,0,-
186,格林纳达,1,0,-
187,巴巴多斯,1,0,-
188,特立尼达和多巴哥,1,0,-
189,波多黎各,1,0,-
190,英属维尔京群岛,1,0,-
191,美属维尔京群岛,1,0,-
192,安圭拉,1,0,-
193,蒙特塞拉特岛,1,0,-
194,瓜德罗普,1,0,-
195,马提尼克,1,0,-
196,荷属安的列斯,1,0,-
197,阿鲁巴,1,0,-
198,特克斯和凯科斯群岛,1,0,-
199,开曼群岛,1,0,-
200,百慕大,1,0,-
201,哥伦比亚,1,0,-
202,委内瑞拉,1,0,-
203,圭亚那,1,0,-
204,法属圭亚那,1,0,-
205,苏里南,1,0,-
206,厄瓜多尔,1,0,-
207,秘鲁,1,0,-
208,玻利维亚,1,0,-
209,巴西,1,0,-
210,智利,1,0,-
211,阿根廷,1,0,-
212,乌拉圭,1,0,-
213,巴拉圭,1,0,-
214,波黑,1,0,-
215,直布罗陀,1,0,-
216,新喀里多尼亚群岛,1,0,-
217,瓦利斯和富图纳群岛,1,0,-
218,泽西岛,1,0,-
219,黑山,1,0,-
220,英属马恩岛,1,0,-
221,尼日利亚,1,0,-
222,喀麦隆,1,0,-
223,加蓬,1,0,-
224,乍得,1,0,-
225,刚果共和国,1,0,-
226,中非共和国,1,0,-
227,南苏丹,1,0,-
228,赤道几内亚,1,0,-
229,毛里塔尼亚,1,0,-
230,刚果民主共和国,1,0,-
231,留尼汪岛,1,0,-
232,格陵兰岛,1,0,-
233,法罗群岛,1,0,-
234,根西岛,1,0,-
235,百慕大群岛,1,0,-
236,圣皮埃尔和密克隆群岛,1,0,-
237,法属圣马丁,1,0,-
238,奥兰群岛,1,0,-
239,北马里亚纳群岛,1,0,-
240,库拉索,1,0,-
241,博内尔岛,1,0,-
242,圣马丁岛,1,0,-
243,圣巴泰勒米岛,1,0,-
244,福克兰群岛,1,0,-
245,圣多美和普林西比,1,0,-
246,英属印度洋领地,1,0,-
247,东萨摩亚,1,0,-
248,诺福克岛,1,0,-
110000,北京,2,1,-
120000,天津,2,1,-
130000,河北省,2,1,-
140000,山西省,2,1,-
150000,内蒙古自治区,2,1,-
210000,辽宁省,2,1,-
220000,吉林省,2,1,-
230000,黑龙江省,2,1,-
310000,上海,2,1,-
320000,江苏省,2,1,-
330000,浙江省,2,1,-
340000,安徽省,2,1,-
350000,福建省,2,1,-
360000,江西省,2,1,-
370000,山东省,2,1,-
410000,河南省,2,1,-
420000,湖北省,2,1,-
430000,湖南省,2,1,-
440000,广东省,2,1,-
450000,广西壮族自治区,2,1,-
460000,海南省,2,1,-
500000,重庆,2,1,-
510000,四川省,2,1,-
520000,贵州省,2,1,-
530000,云南省,2,1,-
540000,西藏自治区,2,1,-
610000,陕西省,2,1,-
620000,甘肃省,2,1,-
630000,青海省,2,1,-
640000,宁夏回族自治区,2,1,-
650000,新疆维吾尔自治区,2,1,-
110100,北京市,3,110000,0010
120100,天津市,3,120000,0022
130100,石家庄市,3,130000,0311
130200,唐山市,3,130000,0315
130300,秦皇岛市,3,130000,0335
130400,邯郸市,3,130000,0310
130500,邢台市,3,130000,0319
130600,保定市,3,130000,0312
130700,张家口市,3,130000,0313
130800,承德市,3,130000,0314
130900,沧州市,3,130000,0317
131000,廊坊市,3,130000,0316
131100,衡水市,3,130000,0318
140100,太原市,3,140000,0351
140200,大同市,3,140000,0352
140300,阳泉市,3,140000,0353
140400,长治市,3,140000,0355
140500,晋城市,3,140000,0356
140600,朔州市,3,140000,0349
140700,晋中市,3,140000,0354
140800,运城市,3,140000,0359
140900,忻州市,3,140000,0350
141000,临汾市,3,140000,0357
141100,吕梁市,3,140000,0358
150100,呼和浩特市,3,150000,0471
150200,包头市,3,150000,0472
150300,乌海市,3,150000,0473
150400,赤峰市,3,150000,0476
150500,通辽市,3,150000,0475
150600,鄂尔多斯市,3,150000,0477
150700,呼伦贝尔市,3,150000,0470
150800,巴彦淖尔市,3,150000,0478
150900,乌兰察布市,3,150000,0474
152200,兴安盟,3,150000,0482
152500,锡林郭勒盟,3,150000,0479
152900,阿拉善盟,3,150000,0483
210100,沈阳市,3,210000,024
210200,大连市,3,210000,0411
210300,鞍山市,3,210000,0412
210400,抚顺市,3,210000,0413
210500,本溪市,3,210000,0414
210600,丹东市,3,210000,0415
210700,锦州市,3,210000,0416
210800,营口市,3,210000,0417
210900,阜新市,3,210000,0418
211000,辽阳市,3,210000,0419
211100,盘锦市,3,210000,0427
211200,铁岭市,3,210000,0410
211300,朝阳市,3,210000,0421
211400,葫芦岛市,3,210000,0429
220100,长春市,3,220000,0431
220200,吉林市,3,220000,0432
220300,四平市,3,220000,0434
220400,辽源市,3,220000,0437
220500,通化市,3,220000,0435
220600,白山市,3,220000,0439
220700,松原市,3,220000,0438
220800,白城市,3,220000,0436
222400,延边朝鲜族自治州,3,220000,0433
230100,哈尔滨市,3,230000,0451
230200,齐齐哈尔市,3,230000,0452
230300,鸡西市,3,230000,0467
230400,鹤岗市,3,230000,0468
230500,双鸭山市,3,230000,0469
230600,大庆市,3,230000,0459
230700,伊春市,3,230000,0458
230800,佳木斯市,3,230000,0454
230900,七台河市,3,230000,0464
231000,牡丹江市,3,230000,0453
231100,黑河市,3,230000,0456
231200,绥化市,3,230000,0455
232700,大兴安岭地区,3,230000,0457
310100,上海市,3,310000,021
320100,南京市,3,320000,025
320200,无锡市,3,320000,0510
320300,徐州市,3,320000,0516
320400,常州市,3,320000,0519
320500,苏州市,3,320000,0512
320600,南通市,3,320000,0513
320700,连云港市,3,320000,0518
320800,淮安市,3,320000,0517
320900,盐城市,3,320000,0515
321000,扬州市,3,320000,0514
321100,镇江市,3,320000,0511
321200,泰州市,3,320000,0523
321300,宿迁市,3,320000,0527
330100,杭州市,3,330000,0571
330200,宁波市,3,330000,0574
330300,温州市,3,330000,0577
330400,嘉兴市,3,330000,0573
330500,湖州市,3,330000,0572
330600,绍兴市,3,330000,0575
330700,金华市,3,330000,0579
330800,衢州市,3,330000,0570
330900,舟山市,3,330000,0580
331000,台州市,3,330000,0576
331100,丽水市,3,330000,0578
340100,合肥市,3,340000,0551
340200,芜湖市,3,340000,0553
340300,蚌埠市,3,340000,0552
340400,淮南市,3,340000,0554
340500,马鞍山市,3,340000,0555
340600,淮北市,3,340000,0561
340700,铜陵市,3,340000,0562
340800,安庆市,3,340000,0556
341000,黄山市,3,340000,0559
341100,滁州市,3,340000,0550
341200,阜阳市,3,340000,0558
341300,宿州市,3,340000,0557
341500,六安市,3,340000,0564
341600,亳州市,3,340000,0558
341700,池州市,3,340000,0566
341800,宣城市,3,340000,0563
350100,福州市,3,350000,0591
350200,厦门市,3,350000,0592
350300,莆田市,3,350000,0594
350400,三明市,3,350000,0598
350500,泉州市,3,350000,0595
350600,漳州市,3,350000,0596
350700,南平市,3,350000,0599
350800,龙岩市,3,350000,0597
350900,宁德市,3,350000,0593
360100,南昌市,3,360000,0791
360200,景德镇市,3,360000,0798
360300,萍乡市,3,360000,0799
360400,九江市,3,360000,0792
360500,新余市,3,360000,0790
360600,鹰潭市,3,360000,0701
360700,赣州市,3,360000,0797
360800,吉安市,3,360000,0796
360900,宜春市,3,360000,0795
361000,抚州市,3,360000,0794
361100,上饶市,3,360000,0793
370100,济南市,3,370000,0531
370200,青岛市,3,370000,0532
370300,淄博市,3,370000,0533
370400,枣庄市,3,370000,0632
370500,东营市,3,370000,0546
370600,烟台市,3,370000,0535
370700,潍坊市,3,370000,0536
370800,济宁市,3,370000,0537
370900,泰安市,3,370000,0538
371000,威海市,3,370000,0631
371100,日照市,3,370000,0633
371300,临沂市,3,370000,0539
371400,德州市,3,370000,0534
371500,聊城市,3,370000,0635
371600,滨州市,3,370000,0543
371700,菏泽市,3,370000,0530
410100,郑州市,3,410000,0371
410200,开封市,3,410000,0378
410300,洛阳市,3,410000,0379
410400,平顶山市,3,410000,0375
410500,安阳市,3,410000,0372
410600,鹤壁市,3,410000,0392
410700,新乡市,3,410000,0373
410800,焦作市,3,410000,0391
410900,濮阳市,3,410000,0393
411000,许昌市,3,410000,0374
411100,漯河市,3,410000,0395
411200,三门峡市,3,410000,0398
411300,南阳市,3,410000,0377
411400,商丘市,3,410000,0370
411500,信阳市,3,410000,0376
411600,周口市,3,410000,0394
411700,驻马店市,3,410000,0396
419000,省直辖县级行政区划,3,410000,-
420100,武汉市,3,420000,027
420200,黄石市,3,420000,0714
420300,十堰市,3,420000,0719
420500,宜昌市,3,420000,0717
420600,襄阳市,3,420000,0710
420700,鄂州市,3,420000,0711
420800,荆门市,3,420000,0724
420900,孝感市,3,420000,0712
421000,荆州市,3,420000,0716
421100,黄冈市,3,420000,0713
421200,咸宁市,3,420000,0715
421300,随州市,3,420000,0722
422800,恩施土家族苗族自治州,3,420000,0718
429000,省直辖县级行政区划,3,420000,-
430100,长沙市,3,430000,0731
430200,株洲市,3,430000,0733
430300,湘潭市,3,430000,0732
430400,衡阳市,3,430000,0734
430500,邵阳市,3,430000,0739
430600,岳阳市,3,430000,0730
430700,常德市,3,430000,0736
430800,张家界市,3,430000,0744
430900,益阳市,3,430000,0737
431000,郴州市,3,430000,0735
431100,永州市,3,430000,0746
431200,怀化市,3,430000,0745
431300,娄底市,3,430000,0738
433100,湘西土家族苗族自治州,3,430000,0743
440100,广州市,3,440000,020
440200,韶关市,3,440000,0751
440300,深圳市,3,440000,0755
440400,珠海市,3,440000,0756
440500,汕头市,3,440000,0754
440600,佛山市,3,440000,0757
440700,江门市,3,440000,0750
440800,湛江市,3,440000,0759
440900,茂名市,3,440000,0668
441200,肇庆市,3,440000,0758
441300,惠州市,3,440000,0752
441400,梅州市,3,440000,0753
441500,汕尾市,3,440000,0660
441600,河源市,3,440000,0762
441700,阳江市,3,440000,0662
441800,清远市,3,440000,0763
441900,东莞市,3,440000,0769
441901,莞城区,4,441900,0769
441902,南城区,4,441900,0769
441904,万江区,4,441900,0769
441905,石碣镇,4,441900,0769
441906,石龙镇,4,441900,0769
441907,茶山镇,4,441900,0769
441908,石排镇,4,441900,0769
441909,企石镇,4,441900,0769
441910,横沥镇,4,441900,0769
441911,桥头镇,4,441900,0769
441912,谢岗镇,4,441900,0769
441913,东坑镇,4,441900,0769
441914,常平镇,4,441900,0769
441915,寮步镇,4,441900,0769
441916,大朗镇,4,441900,0769
441917,麻涌镇,4,441900,0769
441918,中堂镇,4,441900,0769
441919,高埗镇,4,441900,0769
441920,樟木头镇,4,441900,0769
441921,大岭山镇,4,441900,0769
441922,望牛墩镇,4,441900,0769
441923,黄江镇,4,441900,0769
441924,洪梅镇,4,441900,0769
441925,清溪镇,4,441900,0769
441926,沙田镇,4,441900,0769
441927,道滘镇,4,441900,0769
441928,塘厦镇,4,441900,0769
441929,虎门镇,4,441900,0769
441930,厚街镇,4,441900,0769
441931,凤岗镇,4,441900,0769
441932,长安镇,4,441900,0769
442000,中山市,3,440000,-
442001,中山市,4,442000,0760
445100,潮州市,3,440000,0768
445200,揭阳市,3,440000,0663
445300,云浮市,3,440000,0766
450100,南宁市,3,450000,0771
450200,柳州市,3,450000,0772
450300,桂林市,3,450000,0773
450400,梧州市,3,450000,0774
450500,北海市,3,450000,0779
450600,防城港市,3,450000,0770
450700,钦州市,3,450000,0777
450800,贵港市,3,450000,0775
450900,玉林市,3,450000,0775
451000,百色市,3,450000,0776
451100,贺州市,3,450000,0774
451200,河池市,3,450000,0778
451300,来宾市,3,450000,0772
451400,崇左市,3,450000,0771
460100,海口市,3,460000,0898
460200,三亚市,3,460000,0899
460300,三沙市,3,460000,0898
460400,儋州市,3,460000,-
460401,儋州市,4,460400,0898
469000,省直辖县级行政区划,3,460000,0898
500100,重庆市,3,500000,0023
510100,成都市,3,510000,0028
510300,自贡市,3,510000,0813
510400,攀枝花市,3,510000,0812
510500,泸州市,3,510000,0830
510600,德阳市,3,510000,0838
510700,绵阳市,3,510000,0816
510800,广元市,3,510000,0839
510900,遂宁市,3,510000,0825
511000,内江市,3,510000,0832
511100,乐山市,3,510000,0833
511300,南充市,3,510000,0817
511400,眉山市,3,510000,0833
511500,宜宾市,3,510000,0831
511600,广安市,3,510000,0826
511700,达州市,3,510000,0818
511800,雅安市,3,510000,0835
511900,巴中市,3,510000,0827
512000,资阳市,3,510000,0832
513200,阿坝藏族羌族自治州,3,510000,0837
513300,甘孜藏族自治州,3,510000,0836
513400,凉山彝族自治州,3,510000,0834
520100,贵阳市,3,520000,0851
520200,六盘水市,3,520000,0858
520300,遵义市,3,520000,0852
520400,安顺市,3,520000,0853
520500,毕节市,3,520000,0857
520600,铜仁市,3,520000,0856
522300,黔西南布依族苗族自治州,3,520000,0859
522600,黔东南苗族侗族自治州,3,520000,0855
522700,黔南布依族苗族自治州,3,520000,0854
530100,昆明市,3,530000,0871
530300,曲靖市,3,530000,0874
530400,玉溪市,3,530000,0877
530500,保山市,3,530000,0875
530600,昭通市,3,530000,0870
530700,丽江市,3,530000,0888
530800,普洱市,3,530000,0879
530900,临沧市,3,530000,0883
532300,楚雄彝族自治州,3,530000,0878
532500,红河哈尼族彝族自治州,3,530000,0873
532600,文山壮族苗族自治州,3,530000,0876
532800,西双版纳傣族自治州,3,530000,0691
532900,大理白族自治州,3,530000,0872
533100,德宏傣族景颇族自治州,3,530000,0692
533300,怒江傈僳族自治州,3,530000,0886
533400,迪庆藏族自治州,3,530000,0887
540100,拉萨市,3,540000,0891
540200,日喀则市,3,540000,0892
540300,昌都市,3,540000,0895
540400,林芝市,3,540000,0894
540500,山南市,3,540000,0893
540600,那曲市,3,540000,0896
542500,阿里地区,3,540000,0897
610100,西安市,3,610000,0029
610200,铜川市,3,610000,0919
610300,宝鸡市,3,610000,0917
610400,咸阳市,3,610000,0910
610500,渭南市,3,610000,0913
610600,延安市,3,610000,0911
610700,汉中市,3,610000,0916
610800,榆林市,3,610000,0912
610900,安康市,3,610000,0915
611000,商洛市,3,610000,0914
620100,兰州市,3,620000,0931
620200,嘉峪关市,3,620000,0937
620300,金昌市,3,620000,0935
620400,白银市,3,620000,0943
620500,天水市,3,620000,0938
620600,武威市,3,620000,0935
620700,张掖市,3,620000,0936
620800,平凉市,3,620000,0933
620900,酒泉市,3,620000,0937
621000,庆阳市,3,620000,0934
621100,定西市,3,620000,0932
621200,陇南市,3,620000,0939
622900,临夏回族自治州,3,620000,0930
623000,甘南藏族自治州,3,620000,0941
630100,西宁市,3,630000,0971
630200,海东市,3,630000,0972
632200,海北藏族自治州,3,630000,0970
632300,黄南藏族自治州,3,630000,0973
632500,海南藏族自治州,3,630000,0974
632600,果洛藏族自治州,3,630000,0975
632700,玉树藏族自治州,3,630000,0976
632800,海西蒙古族藏族自治州,3,630000,0977
640100,银川市,3,640000,0951
640200,石嘴山市,3,640000,0952
640300,吴忠市,3,640000,0953
640400,固原市,3,640000,0954
640500,中卫市,3,640000,0955
650100,乌鲁木齐市,3,650000,0991
650200,克拉玛依市,3,650000,0990
650400,吐鲁番市,3,650000,0995
650500,哈密市,3,650000,0902
652300,昌吉回族自治州,3,650000,0994
652700,博尔塔拉蒙古自治州,3,650000,0909
652800,巴音郭楞蒙古自治州,3,650000,0996
652900,阿克苏地区,3,650000,0997
653000,克孜勒苏柯尔克孜自治州,3,650000,0908
653100,喀什地区,3,650000,0998
653200,和田地区,3,650000,0903
654000,伊犁哈萨克自治州,3,650000,0999
654200,塔城地区,3,650000,0901
654300,阿勒泰地区,3,650000,0906
659000,自治区直辖县级行政区划,3,650000,0991
110101,东城区,4,110100,010
110102,西城区,4,110100,010
110105,朝阳区,4,110100,010
110106,丰台区,4,110100,010
110107,石景山区,4,110100,010
110108,海淀区,4,110100,010
110109,门头沟区,4,110100,010
110111,房山区,4,110100,010
110112,通州区,4,110100,010
110113,顺义区,4,110100,010
110114,昌平区,4,110100,010
110115,大兴区,4,110100,010
110116,怀柔区,4,110100,010
110117,平谷区,4,110100,010
110118,密云区,4,110100,010
110119,延庆区,4,110100,010
120101,和平区,4,120100,022
120102,河东区,4,120100,022
120103,河西区,4,120100,022
120104,南开区,4,120100,022
120105,河北区,4,120100,022
120106,红桥区,4,120100,022
120110,东丽区,4,120100,022
120111,西青区,4,120100,022
120112,津南区,4,120100,022
120113,北辰区,4,120100,022
120114,武清区,4,120100,022
120115,宝坻区,4,120100,022
120116,滨海新区,4,120100,022
120117,宁河区,4,120100,022
120118,静海区,4,120100,022
120119,蓟州区,4,120100,022
130102,长安区,4,130100,0311
130104,桥西区,4,130100,0311
130105,新华区,4,130100,0311
130107,井陉矿区,4,130100,0311
130108,裕华区,4,130100,0311
130109,藁城区,4,130100,0311
130110,鹿泉区,4,130100,0311
130111,栾城区,4,130100,0311
130121,井陉县,4,130100,0311
130123,正定县,4,130100,0311
130125,行唐县,4,130100,0311
130126,灵寿县,4,130100,0311
130127,高邑县,4,130100,0311
130128,深泽县,4,130100,0311
130129,赞皇县,4,130100,0311
130130,无极县,4,130100,0311
130131,平山县,4,130100,0311
130132,元氏县,4,130100,0311
130133,赵县,4,130100,0311
130171,石家庄高新技术产业开发区,4,130100,0311
130172,石家庄循环化工园区,4,130100,0311
130181,辛集市,4,130100,0311
130183,晋州市,4,130100,0311
130184,新乐市,4,130100,0311
130202,路南区,4,130200,0315
130203,路北区,4,130200,0315
130204,古冶区,4,130200,0315
130205,开平区,4,130200,0315
130207,丰南区,4,130200,0315
130208,丰润区,4,130200,0315
130209,曹妃甸区,4,130200,0315
130224,滦南县,4,130200,0315
130225,乐亭县,4,130200,0315
130227,迁西县,4,130200,0315
130229,玉田县,4,130200,0315
130271,河北唐山芦台经济开发区,4,130200,0315
130272,唐山市汉沽管理区,4,130200,0315
130273,唐山高新技术产业开发区,4,130200,0315
130274,河北唐山海港经济开发区,4,130200,0315
130281,遵化市,4,130200,0315
130283,迁安市,4,130200,0315
130284,滦州市,4,130200,0315
130302,海港区,4,130300,0335
130303,山海关区,4,130300,0335
130304,北戴河区,4,130300,0335
130306,抚宁区,4,130300,0335
130321,青龙满族自治县,4,130300,0335
130322,昌黎县,4,130300,0335
130324,卢龙县,4,130300,0335
130371,秦皇岛市经济技术开发区,4,130300,0335
130372,北戴河新区,4,130300,0335
130402,邯山区,4,130400,0310
130403,丛台区,4,130400,0310
130404,复兴区,4,130400,0310
130406,峰峰矿区,4,130400,0310
130407,肥乡区,4,130400,0310
130408,永年区,4,130400,0310
130423,临漳县,4,130400,0310
130424,成安县,4,130400,0310
130425,大名县,4,130400,0310
130426,涉县,4,130400,0310
130427,磁县,4,130400,0310
130430,邱县,4,130400,0310
130431,鸡泽县,4,130400,0310
130432,广平县,4,130400,0310
130433,馆陶县,4,130400,0310
130434,魏县,4,130400,0310
130435,曲周县,4,130400,0310
130471,邯郸经济技术开发区,4,130400,0310
130473,邯郸冀南新区,4,130400,0310
130481,武安市,4,130400,0310
130502,襄都区,4,130500,0319
130503,信都区,4,130500,0319
130505,任泽区,4,130500,0319
130506,南和区,4,130500,0319
130522,临城县,4,130500,0319
130523,内丘县,4,130500,0319
130524,柏乡县,4,130500,0319
130525,隆尧县,4,130500,0319
130528,宁晋县,4,130500,0319
130529,巨鹿县,4,130500,0319
130530,新河县,4,130500,0319
130531,广宗县,4,130500,0319
130532,平乡县,4,130500,0319
130533,威县,4,130500,0319
130534,清河县,4,130500,0319
130535,临西县,4,130500,0319
130571,河北邢台经济开发区,4,130500,0319
130581,南宫市,4,130500,0319
130582,沙河市,4,130500,0319
130602,竞秀区,4,130600,0312
130606,莲池区,4,130600,0312
130607,满城区,4,130600,0312
130608,清苑区,4,130600,0312
130609,徐水区,4,130600,0312
130623,涞水县,4,130600,0312
130624,阜平县,4,130600,0312
130626,定兴县,4,130600,0312
130627,唐县,4,130600,0312
130628,高阳县,4,130600,0312
130629,容城县,4,130600,0312
130630,涞源县,4,130600,0312
130631,望都县,4,130600,0312
130632,安新县,4,130600,0312
130633,易县,4,130600,0312
130634,曲阳县,4,130600,0312
130635,蠡县,4,130600,0312
130636,顺平县,4,130600,0312
130637,博野县,4,130600,0312
130638,雄县,4,130600,0312
130671,保定高新技术产业开发区,4,130600,0312
130672,保定白沟新城,4,130600,0312
130681,涿州市,4,130600,0312
130682,定州市,4,130600,0312
130683,安国市,4,130600,0312
130684,高碑店市,4,130600,0312
130702,桥东区,4,130700,0313
130703,桥西区,4,130700,0313
130705,宣化区,4,130700,0313
130706,下花园区,4,130700,0313
130708,万全区,4,130700,0313
130709,崇礼区,4,130700,0313
130722,张北县,4,130700,0313
130723,康保县,4,130700,0313
130724,沽源县,4,130700,0313
130725,尚义县,4,130700,0313
130726,蔚县,4,130700,0313
130727,阳原县,4,130700,0313
130728,怀安县,4,130700,0313
130730,怀来县,4,130700,0313
130731,涿鹿县,4,130700,0313
130732,赤城县,4,130700,0313
130771,张家口经济开发区,4,130700,0313
130772,张家口市察北管理区,4,130700,0313
130773,张家口市塞北管理区,4,130700,0313
130802,双桥区,4,130800,0314
130803,双滦区,4,130800,0314
130804,鹰手营子矿区,4,130800,0314
130821,承德县,4,130800,0314
130822,兴隆县,4,130800,0314
130824,滦平县,4,130800,0314
130825,隆化县,4,130800,0314
130826,丰宁满族自治县,4,130800,0314
130827,宽城满族自治县,4,130800,0314
130828,围场满族蒙古族自治县,4,130800,0314
130871,承德高新技术产业开发区,4,130800,0314
130881,平泉市,4,130800,0314
130902,新华区,4,130900,0317
130903,运河区,4,130900,0317
130921,沧县,4,130900,0317
130922,青县,4,130900,0317
130923,东光县,4,130900,0317
130924,海兴县,4,130900,0317
130925,盐山县,4,130900,0317
130926,肃宁县,4,130900,0317
130927,南皮县,4,130900,0317
130928,吴桥县,4,130900,0317
130929,献县,4,130900,0317
130930,孟村回族自治县,4,130900,0317
130971,河北沧州经济开发区,4,130900,0317
130972,沧州高新技术产业开发区,4,130900,0317
130973,沧州渤海新区,4,130900,0317
130981,泊头市,4,130900,0317
130982,任丘市,4,130900,0317
130983,黄骅市,4,130900,0317
130984,河间市,4,130900,0317
131002,安次区,4,131000,0316
131003,广阳区,4,131000,0316
131022,固安县,4,131000,0316
131023,永清县,4,131000,0316
131024,香河县,4,131000,0316
131025,大城县,4,131000,0316
131026,文安县,4,131000,0316
131028,大厂回族自治县,4,131000,0316
131071,廊坊经济技术开发区,4,131000,0316
131081,霸州市,4,131000,0316
131082,三河市,4,131000,0316
131102,桃城区,4,131100,0318
131103,冀州区,4,131100,0318
131121,枣强县,4,131100,0318
131122,武邑县,4,131100,0318
131123,武强县,4,131100,0318
131124,饶阳县,4,131100,0318
131125,安平县,4,131100,0318
131126,故城县,4,131100,0318
131127,景县,4,131100,0318
131128,阜城县,4,131100,0318
131171,河北衡水高新技术产业开发区,4,131100,0318
131172,衡水滨湖新区,4,131100,0318
131182,深州市,4,131100,0318
140105,小店区,4,140100,0351
140106,迎泽区,4,140100,0351
140107,杏花岭区,4,140100,0351
140108,尖草坪区,4,140100,0351
140109,万柏林区,4,140100,0351
140110,晋源区,4,140100,0351
140121,清徐县,4,140100,0351
140122,阳曲县,4,140100,0351
140123,娄烦县,4,140100,0351
140171,山西转型综合改革示范区,4,140100,0351
140181,古交市,4,140100,0351
140212,新荣区,4,140200,0352
140213,平城区,4,140200,0352
140214,云冈区,4,140200,0352
140215,云州区,4,140200,0352
140221,阳高县,4,140200,0352
140222,天镇县,4,140200,0352
140223,广灵县,4,140200,0352
140224,灵丘县,4,140200,0352
140225,浑源县,4,140200,0352
140226,左云县,4,140200,0352
140271,山西大同经济开发区,4,140200,0352
140302,城区,4,140300,0353
140303,矿区,4,140300,0353
140311,郊区,4,140300,0353
140321,平定县,4,140300,0353
140322,盂县,4,140300,0353
140403,潞州区,4,140400,0355
140404,上党区,4,140400,0355
140405,屯留区,4,140400,0355
140406,潞城区,4,140400,0355
140423,襄垣县,4,140400,0355
140425,平顺县,4,140400,0355
140426,黎城县,4,140400,0355
140427,壶关县,4,140400,0355
140428,长子县,4,140400,0355
140429,武乡县,4,140400,0355
140430,沁县,4,140400,0355
140431,沁源县,4,140400,0355
140471,山西长治高新技术产业园区,4,140400,0355
140502,城区,4,140500,0356
140521,沁水县,4,140500,0356
140522,阳城县,4,140500,0356
140524,陵川县,4,140500,0356
140525,泽州县,4,140500,0356
140581,高平市,4,140500,0356
140602,朔城区,4,140600,0349
140603,平鲁区,4,140600,0349
140621,山阴县,4,140600,0349
140622,应县,4,140600,0349
140623,右玉县,4,140600,0349
140671,山西朔州经济开发区,4,140600,0349
140681,怀仁市,4,140600,0349
140702,榆次区,4,140700,0354
140703,太谷区,4,140700,0354
140721,榆社县,4,140700,0354
140722,左权县,4,140700,0354
140723,和顺县,4,140700,0354
140724,昔阳县,4,140700,0354
140725,寿阳县,4,140700,0354
140727,祁县,4,140700,0354
140728,平遥县,4,140700,0354
140729,灵石县,4,140700,0354
140781,介休市,4,140700,0354
140802,盐湖区,4,140800,0359
140821,临猗县,4,140800,0359
140822,万荣县,4,140800,0359
140823,闻喜县,4,140800,0359
140824,稷山县,4,140800,0359
140825,新绛县,4,140800,0359
140826,绛县,4,140800,0359
140827,垣曲县,4,140800,0359
140828,夏县,4,140800,0359
140829,平陆县,4,140800,0359
140830,芮城县,4,140800,0359
140881,永济市,4,140800,0359
140882,河津市,4,140800,0359
140902,忻府区,4,140900,0350
140921,定襄县,4,140900,0350
140922,五台县,4,140900,0350
140923,代县,4,140900,0350
140924,繁峙县,4,140900,0350
140925,宁武县,4,140900,0350
140926,静乐县,4,140900,0350
140927,神池县,4,140900,0350
140928,五寨县,4,140900,0350
140929,岢岚县,4,140900,0350
140930,河曲县,4,140900,0350
140931,保德县,4,140900,0350
140932,偏关县,4,140900,0350
140971,五台山风景名胜区,4,140900,0350
140981,原平市,4,140900,0350
141002,尧都区,4,141000,0357
141021,曲沃县,4,141000,0357
141022,翼城县,4,141000,0357
141023,襄汾县,4,141000,0357
141024,洪洞县,4,141000,0357
141025,古县,4,141000,0357
141026,安泽县,4,141000,0357
141027,浮山县,4,141000,0357
141028,吉县,4,141000,0357
141029,乡宁县,4,141000,0357
141030,大宁县,4,141000,0357
141031,隰县,4,141000,0357
141032,永和县,4,141000,0357
141033,蒲县,4,141000,0357
141034,汾西县,4,141000,0357
141081,侯马市,4,141000,0357
141082,霍州市,4,141000,0357
141102,离石区,4,141100,0358
141121,文水县,4,141100,0358
141122,交城县,4,141100,0358
141123,兴县,4,141100,0358
141124,临县,4,141100,0358
141125,柳林县,4,141100,0358
141126,石楼县,4,141100,0358
141127,岚县,4,141100,0358
141128,方山县,4,141100,0358
141129,中阳县,4,141100,0358
141130,交口县,4,141100,0358
141181,孝义市,4,141100,0358
141182,汾阳市,4,141100,0358
150102,新城区,4,150100,0471
150103,回民区,4,150100,0471
150104,玉泉区,4,150100,0471
150105,赛罕区,4,150100,0471
150121,土默特左旗,4,150100,0471
150122,托克托县,4,150100,0471
150123,和林格尔县,4,150100,0471
150124,清水河县,4,150100,0471
150125,武川县,4,150100,0471
150172,呼和浩特经济技术开发区,4,150100,0471
150202,东河区,4,150200,0472
150203,昆都仑区,4,150200,0472
150204,青山区,4,150200,0472
150205,石拐区,4,150200,0472
150206,白云鄂博矿区,4,150200,0472
150207,九原区,4,150200,0472
150221,土默特右旗,4,150200,0472
150222,固阳县,4,150200,0472
150223,达尔罕茂明安联合旗,4,150200,0472
150271,包头稀土高新技术产业开发区,4,150200,0472
150302,海勃湾区,4,150300,0473
150303,海南区,4,150300,0473
150304,乌达区,4,150300,0473
150402,红山区,4,150400,0476
150403,元宝山区,4,150400,0476
150404,松山区,4,150400,0476
150421,阿鲁科尔沁旗,4,150400,0476
150422,巴林左旗,4,150400,0476
150423,巴林右旗,4,150400,0476
150424,林西县,4,150400,0476
150425,克什克腾旗,4,150400,0476
150426,翁牛特旗,4,150400,0476
150428,喀喇沁旗,4,150400,0476
150429,宁城县,4,150400,0476
150430,敖汉旗,4,150400,0476
150502,科尔沁区,4,150500,0475
150521,科尔沁左翼中旗,4,150500,0475
150522,科尔沁左翼后旗,4,150500,0475
150523,开鲁县,4,150500,0475
150524,库伦旗,4,150500,0475
150525,奈曼旗,4,150500,0475
150526,扎鲁特旗,4,150500,0475
150571,通辽经济技术开发区,4,150500,0475
150581,霍林郭勒市,4,150500,0475
150602,东胜区,4,150600,0477
150603,康巴什区,4,150600,0477
150621,达拉特旗,4,150600,0477
150622,准格尔旗,4,150600,0477
150623,鄂托克前旗,4,150600,0477
150624,鄂托克旗,4,150600,0477
150625,杭锦旗,4,150600,0477
150626,乌审旗,4,150600,0477
150627,伊金霍洛旗,4,150600,0477
150702,海拉尔区,4,150700,0470
150703,扎赉诺尔区,4,150700,0470
150721,阿荣旗,4,150700,0470
150722,莫力达瓦达斡尔族自治旗,4,150700,0470
150723,鄂伦春自治旗,4,150700,0470
150724,鄂温克族自治旗,4,150700,0470
150725,陈巴尔虎旗,4,150700,0470
150726,新巴尔虎左旗,4,150700,0470
150727,新巴尔虎右旗,4,150700,0470
150781,满洲里市,4,150700,0470
150782,牙克石市,4,150700,0470
150783,扎兰屯市,4,150700,0470
150784,额尔古纳市,4,150700,0470
150785,根河市,4,150700,0470
150802,临河区,4,150800,0478
150821,五原县,4,150800,0478
150822,磴口县,4,150800,0478
150823,乌拉特前旗,4,150800,0478
150824,乌拉特中旗,4,150800,0478
150825,乌拉特后旗,4,150800,0478
150826,杭锦后旗,4,150800,0478
150902,集宁区,4,150900,0474
150921,卓资县,4,150900,0474
150922,化德县,4,150900,0474
150923,商都县,4,150900,0474
150924,兴和县,4,150900,0474
150925,凉城县,4,150900,0474
150926,察哈尔右翼前旗,4,150900,0474
150927,察哈尔右翼中旗,4,150900,0474
150928,察哈尔右翼后旗,4,150900,0474
150929,四子王旗,4,150900,0474
150981,丰镇市,4,150900,0474
152201,乌兰浩特市,4,152200,0482
152202,阿尔山市,4,152200,0482
152221,科尔沁右翼前旗,4,152200,0482
152222,科尔沁右翼中旗,4,152200,0482
152223,扎赉特旗,4,152200,0482
152224,突泉县,4,152200,0482
152501,二连浩特市,4,152500,0479
152502,锡林浩特市,4,152500,0479
152522,阿巴嘎旗,4,152500,0479
152523,苏尼特左旗,4,152500,0479
152524,苏尼特右旗,4,152500,0479
152525,东乌珠穆沁旗,4,152500,0479
152526,西乌珠穆沁旗,4,152500,0479
152527,太仆寺旗,4,152500,0479
152528,镶黄旗,4,152500,0479
152529,正镶白旗,4,152500,0479
152530,正蓝旗,4,152500,0479
152531,多伦县,4,152500,0479
152571,乌拉盖管委会,4,152500,0479
152921,阿拉善左旗,4,152900,0483
152922,阿拉善右旗,4,152900,0483
152923,额济纳旗,4,152900,0483
152971,内蒙古阿拉善高新技术产业开发区,4,152900,0483
210102,和平区,4,210100,024
210103,沈河区,4,210100,024
210104,大东区,4,210100,024
210105,皇姑区,4,210100,024
210106,铁西区,4,210100,024
210111,苏家屯区,4,210100,024
210112,浑南区,4,210100,024
210113,沈北新区,4,210100,024
210114,于洪区,4,210100,024
210115,辽中区,4,210100,024
210123,康平县,4,210100,024
210124,法库县,4,210100,024
210181,新民市,4,210100,024
210202,中山区,4,210200,0411
210203,西岗区,4,210200,0411
210204,沙河口区,4,210200,0411
210211,甘井子区,4,210200,0411
210212,旅顺口区,4,210200,0411
210213,金州区,4,210200,0411
210214,普兰店区,4,210200,0411
210224,长海县,4,210200,0411
210281,瓦房店市,4,210200,0411
210283,庄河市,4,210200,0411
210302,铁东区,4,210300,0412
210303,铁西区,4,210300,0412
210304,立山区,4,210300,0412
210311,千山区,4,210300,0412
210321,台安县,4,210300,0412
210323,岫岩满族自治县,4,210300,0412
210381,海城市,4,210300,0412
210402,新抚区,4,210400,0413
210403,东洲区,4,210400,0413
210404,望花区,4,210400,0413
210411,顺城区,4,210400,0413
210421,抚顺县,4,210400,0413
210422,新宾满族自治县,4,210400,0413
210423,清原满族自治县,4,210400,0413
210502,平山区,4,210500,0414
210503,溪湖区,4,210500,0414
210504,明山区,4,210500,0414
210505,南芬区,4,210500,0414
210521,本溪满族自治县,4,210500,0414
210522,桓仁满族自治县,4,210500,0414
210602,元宝区,4,210600,0415
210603,振兴区,4,210600,0415
210604,振安区,4,210600,0415
210624,宽甸满族自治县,4,210600,0415
210681,东港市,4,210600,0415
210682,凤城市,4,210600,0415
210702,古塔区,4,210700,0416
210703,凌河区,4,210700,0416
210711,太和区,4,210700,0416
210726,黑山县,4,210700,0416
210727,义县,4,210700,0416
210781,凌海市,4,210700,0416
210782,北镇市,4,210700,0416
210802,站前区,4,210800,0417
210803,西市区,4,210800,0417
210804,鲅鱼圈区,4,210800,0417
210811,老边区,4,210800,0417
210881,盖州市,4,210800,0417
210882,大石桥市,4,210800,0417
210902,海州区,4,210900,0418
210903,新邱区,4,210900,0418
210904,太平区,4,210900,0418
210905,清河门区,4,210900,0418
210911,细河区,4,210900,0418
210921,阜新蒙古族自治县,4,210900,0418
210922,彰武县,4,210900,0418
211002,白塔区,4,211000,0419
211003,文圣区,4,211000,0419
211004,宏伟区,4,211000,0419
211005,弓长岭区,4,211000,0419
211011,太子河区,4,211000,0419
211021,辽阳县,4,211000,0419
211081,灯塔市,4,211000,0419
211102,双台子区,4,211100,0427
211103,兴隆台区,4,211100,0427
211104,大洼区,4,211100,0427
211122,盘山县,4,211100,0427
211202,银州区,4,211200,0410
211204,清河区,4,211200,0410
211221,铁岭县,4,211200,0410
211223,西丰县,4,211200,0410
211224,昌图县,4,211200,0410
211281,调兵山市,4,211200,0410
211282,开原市,4,211200,0410
211302,双塔区,4,211300,0421
211303,龙城区,4,211300,0421
211321,朝阳县,4,211300,0421
211322,建平县,4,211300,0421
211324,喀喇沁左翼蒙古族自治县,4,211300,0421
211381,北票市,4,211300,0421
211382,凌源市,4,211300,0421
211402,连山区,4,211400,0429
211403,龙港区,4,211400,0429
211404,南票区,4,211400,0429
211421,绥中县,4,211400,0429
211422,建昌县,4,211400,0429
211481,兴城市,4,211400,0429
220102,南关区,4,220100,0431
220103,宽城区,4,220100,0431
220104,朝阳区,4,220100,0431
220105,二道区,4,220100,0431
220106,绿园区,4,220100,0431
220112,双阳区,4,220100,0431
220113,九台区,4,220100,0431
220122,农安县,4,220100,0431
220171,长春经济技术开发区,4,220100,0431
220172,长春净月高新技术产业开发区,4,220100,0431
220173,长春高新技术产业开发区,4,220100,0431
220174,长春汽车经济技术开发区,4,220100,0431
220182,榆树市,4,220100,0431
220183,德惠市,4,220100,0431
220184,公主岭市,4,220100,0431
220202,昌邑区,4,220200,0432
220203,龙潭区,4,220200,0432
220204,船营区,4,220200,0432
220211,丰满区,4,220200,0432
220221,永吉县,4,220200,0432
220271,吉林经济开发区,4,220200,0432
220272,吉林高新技术产业开发区,4,220200,0432
220273,吉林中国新加坡食品区,4,220200,0432
220281,蛟河市,4,220200,0432
220282,桦甸市,4,220200,0432
220283,舒兰市,4,220200,0432
220284,磐石市,4,220200,0432
220302,铁西区,4,220300,0434
220303,铁东区,4,220300,0434
220322,梨树县,4,220300,0434
220323,伊通满族自治县,4,220300,0434
220382,双辽市,4,220300,0434
220402,龙山区,4,220400,0437
220403,西安区,4,220400,0437
220421,东丰县,4,220400,0437
220422,东辽县,4,220400,0437
220502,东昌区,4,220500,0435
220503,二道江区,4,220500,0435
220521,通化县,4,220500,0435
220523,辉南县,4,220500,0435
220524,柳河县,4,220500,0435
220581,梅河口市,4,220500,0435
220582,集安市,4,220500,0435
220602,浑江区,4,220600,0439
220605,江源区,4,220600,0439
220621,抚松县,4,220600,0439
220622,靖宇县,4,220600,0439
220623,长白朝鲜族自治县,4,220600,0439
220681,临江市,4,220600,0439
220702,宁江区,4,220700,0438
220721,前郭尔罗斯蒙古族自治县,4,220700,0438
220722,长岭县,4,220700,0438
220723,乾安县,4,220700,0438
220771,吉林松原经济开发区,4,220700,0438
220781,扶余市,4,220700,0438
220802,洮北区,4,220800,0436
220821,镇赉县,4,220800,0436
220822,通榆县,4,220800,0436
220871,吉林白城经济开发区,4,220800,0436
220881,洮南市,4,220800,0436
220882,大安市,4,220800,0436
222401,延吉市,4,222400,0433
222402,图们市,4,222400,0433
222403,敦化市,4,222400,0433
222404,珲春市,4,222400,0433
222405,龙井市,4,222400,0433
222406,和龙市,4,222400,0433
222424,汪清县,4,222400,0433
222426,安图县,4,222400,0433
230102,道里区,4,230100,0451
230103,南岗区,4,230100,0451
230104,道外区,4,230100,0451
230108,平房区,4,230100,0451
230109,松北区,4,230100,0451
230110,香坊区,4,230100,0451
230111,呼兰区,4,230100,0451
230112,阿城区,4,230100,0451
230113,双城区,4,230100,0451
230123,依兰县,4,230100,0451
230124,方正县,4,230100,0451
230125,宾县,4,230100,0451
230126,巴彦县,4,230100,0451
230127,木兰县,4,230100,0451
230128,通河县,4,230100,0451
230129,延寿县,4,230100,0451
230183,尚志市,4,230100,0451
230184,五常市,4,230100,0451
230202,龙沙区,4,230200,0452
230203,建华区,4,230200,0452
230204,铁锋区,4,230200,0452
230205,昂昂溪区,4,230200,0452
230206,富拉尔基区,4,230200,0452
230207,碾子山区,4,230200,0452
230208,梅里斯达斡尔族区,4,230200,0452
230221,龙江县,4,230200,0452
230223,依安县,4,230200,0452
230224,泰来县,4,230200,0452
230225,甘南县,4,230200,0452
230227,富裕县,4,230200,0452
230229,克山县,4,230200,0452
230230,克东县,4,230200,0452
230231,拜泉县,4,230200,0452
230281,讷河市,4,230200,0452
230302,鸡冠区,4,230300,0467
230303,恒山区,4,230300,0467
230304,滴道区,4,230300,0467
230305,梨树区,4,230300,0467
230306,城子河区,4,230300,0467
230307,麻山区,4,230300,0467
230321,鸡东县,4,230300,0467
230381,虎林市,4,230300,0467
230382,密山市,4,230300,0467
230402,向阳区,4,230400,0468
230403,工农区,4,230400,0468
230404,南山区,4,230400,0468
230405,兴安区,4,230400,0468
230406,东山区,4,230400,0468
230407,兴山区,4,230400,0468
230421,萝北县,4,230400,0468
230422,绥滨县,4,230400,0468
230502,尖山区,4,230500,0469
230503,岭东区,4,230500,0469
230505,四方台区,4,230500,0469
230506,宝山区,4,230500,0469
230521,集贤县,4,230500,0469
230522,友谊县,4,230500,0469
230523,宝清县,4,230500,0469
230524,饶河县,4,230500,0469
230602,萨尔图区,4,230600,0459
230603,龙凤区,4,230600,0459
230604,让胡路区,4,230600,0459
230605,红岗区,4,230600,0459
230606,大同区,4,230600,0459
230621,肇州县,4,230600,0459
230622,肇源县,4,230600,0459
230623,林甸县,4,230600,0459
230624,杜尔伯特蒙古族自治县,4,230600,0459
230671,大庆高新技术产业开发区,4,230600,0459
230717,伊美区,4,230700,0458
230718,乌翠区,4,230700,0458
230719,友好区,4,230700,0458
230722,嘉荫县,4,230700,0458
230723,汤旺县,4,230700,0458
230724,丰林县,4,230700,0458
230725,大箐山县,4,230700,0458
230726,南岔县,4,230700,0458
230751,金林区,4,230700,0458
230781,铁力市,4,230700,0458
230803,向阳区,4,230800,0454
230804,前进区,4,230800,0454
230805,东风区,4,230800,0454
230811,郊区,4,230800,0454
230822,桦南县,4,230800,0454
230826,桦川县,4,230800,0454
230828,汤原县,4,230800,0454
230881,同江市,4,230800,0454
230882,富锦市,4,230800,0454
230883,抚远市,4,230800,0454
230902,新兴区,4,230900,0464
230903,桃山区,4,230900,0464
230904,茄子河区,4,230900,0464
230921,勃利县,4,230900,0464
231002,东安区,4,231000,0453
231003,阳明区,4,231000,0453
231004,爱民区,4,231000,0453
231005,西安区,4,231000,0453
231025,林口县,4,231000,0453
231071,牡丹江经济技术开发区,4,231000,0453
231081,绥芬河市,4,231000,0453
231083,海林市,4,231000,0453
231084,宁安市,4,231000,0453
231085,穆棱市,4,231000,0453
231086,东宁市,4,231000,0453
231102,爱辉区,4,231100,0456
231123,逊克县,4,231100,0456
231124,孙吴县,4,231100,0456
231181,北安市,4,231100,0456
231182,五大连池市,4,231100,0456
231183,嫩江市,4,231100,0456
231202,北林区,4,231200,0455
231221,望奎县,4,231200,0455
231222,兰西县,4,231200,0455
231223,青冈县,4,231200,0455
231224,庆安县,4,231200,0455
231225,明水县,4,231200,0455
231226,绥棱县,4,231200,0455
231281,安达市,4,231200,0455
231282,肇东市,4,231200,0455
231283,海伦市,4,231200,0455
232701,漠河市,4,232700,0457
232721,呼玛县,4,232700,0457
232722,塔河县,4,232700,0457
232761,加格达奇区,4,232700,0457
232762,松岭区,4,232700,0457
232763,新林区,4,232700,0457
232764,呼中区,4,232700,0457
310101,黄浦区,4,310100,021
310104,徐汇区,4,310100,021
310105,长宁区,4,310100,021
310106,静安区,4,310100,021
310107,普陀区,4,310100,021
310109,虹口区,4,310100,021
310110,杨浦区,4,310100,021
310112,闵行区,4,310100,021
310113,宝山区,4,310100,021
310114,嘉定区,4,310100,021
310115,浦东新区,4,310100,021
310116,金山区,4,310100,021
310117,松江区,4,310100,021
310118,青浦区,4,310100,021
310120,奉贤区,4,310100,021
310151,崇明区,4,310100,021
320102,玄武区,4,320100,025
320104,秦淮区,4,320100,025
320105,建邺区,4,320100,025
320106,鼓楼区,4,320100,025
320111,浦口区,4,320100,025
320113,栖霞区,4,320100,025
320114,雨花台区,4,320100,025
320115,江宁区,4,320100,025
320116,六合区,4,320100,025
320117,溧水区,4,320100,025
320118,高淳区,4,320100,025
320205,锡山区,4,320200,0510
320206,惠山区,4,320200,0510
320211,滨湖区,4,320200,0510
320213,梁溪区,4,320200,0510
320214,新吴区,4,320200,0510
320281,江阴市,4,320200,0510
320282,宜兴市,4,320200,0510
320302,鼓楼区,4,320300,0516
320303,云龙区,4,320300,0516
320305,贾汪区,4,320300,0516
320311,泉山区,4,320300,0516
320312,铜山区,4,320300,0516
320321,丰县,4,320300,0516
320322,沛县,4,320300,0516
320324,睢宁县,4,320300,0516
320371,徐州经济技术开发区,4,320300,0516
320381,新沂市,4,320300,0516
320382,邳州市,4,320300,0516
320402,天宁区,4,320400,0519
320404,钟楼区,4,320400,0519
320411,新北区,4,320400,0519
320412,武进区,4,320400,0519
320413,金坛区,4,320400,0519
320481,溧阳市,4,320400,0519
320505,虎丘区,4,320500,0512
320506,吴中区,4,320500,0512
320507,相城区,4,320500,0512
320508,姑苏区,4,320500,0512
320509,吴江区,4,320500,0512
320571,苏州工业园区,4,320500,0512
320581,常熟市,4,320500,0512
320582,张家港市,4,320500,0512
320583,昆山市,4,320500,0512
320585,太仓市,4,320500,0512
320612,通州区,4,320600,0513
320613,崇川区,4,320600,0513
320614,海门区,4,320600,0513
320623,如东县,4,320600,0513
320671,南通经济技术开发区,4,320600,0513
320681,启东市,4,320600,0513
320682,如皋市,4,320600,0513
320685,海安市,4,320600,0513
320703,连云区,4,320700,0518
320706,海州区,4,320700,0518
320707,赣榆区,4,320700,0518
320722,东海县,4,320700,0518
320723,灌云县,4,320700,0518
320724,灌南县,4,320700,0518
320771,连云港经济技术开发区,4,320700,0518
320772,连云港高新技术产业开发区,4,320700,0518
320803,淮安区,4,320800,0517
320804,淮阴区,4,320800,0517
320812,清江浦区,4,320800,0517
320813,洪泽区,4,320800,0517
320826,涟水县,4,320800,0517
320830,盱眙县,4,320800,0517
320831,金湖县,4,320800,0517
320871,淮安经济技术开发区,4,320800,0517
320902,亭湖区,4,320900,0515
320903,盐都区,4,320900,0515
320904,大丰区,4,320900,0515
320921,响水县,4,320900,0515
320922,滨海县,4,320900,0515
320923,阜宁县,4,320900,0515
320924,射阳县,4,320900,0515
320925,建湖县,4,320900,0515
320971,盐城经济技术开发区,4,320900,0515
320981,东台市,4,320900,0515
321002,广陵区,4,321000,0514
321003,邗江区,4,321000,0514
321012,江都区,4,321000,0514
321023,宝应县,4,321000,0514
321071,扬州经济技术开发区,4,321000,0514
321081,仪征市,4,321000,0514
321084,高邮市,4,321000,0514
321102,京口区,4,321100,0511
321111,润州区,4,321100,0511
321112,丹徒区,4,321100,0511
321171,镇江新区,4,321100,0511
321181,丹阳市,4,321100,0511
321182,扬中市,4,321100,0511
321183,句容市,4,321100,0511
321202,海陵区,4,321200,0523
321203,高港区,4,321200,0523
321204,姜堰区,4,321200,0523
321271,泰州医药高新技术产业开发区,4,321200,0523
321281,兴化市,4,321200,0523
321282,靖江市,4,321200,0523
321283,泰兴市,4,321200,0523
321302,宿城区,4,321300,0527
321311,宿豫区,4,321300,0527
321322,沭阳县,4,321300,0527
321323,泗阳县,4,321300,0527
321324,泗洪县,4,321300,0527
321371,宿迁经济技术开发区,4,321300,0527
330102,上城区,4,330100,0571
330105,拱墅区,4,330100,0571
330106,西湖区,4,330100,0571
330108,滨江区,4,330100,0571
330109,萧山区,4,330100,0571
330110,余杭区,4,330100,0571
330111,富阳区,4,330100,0571
330112,临安区,4,330100,0571
330113,临平区,4,330100,0571
330114,钱塘区,4,330100,0571
330122,桐庐县,4,330100,0571
330127,淳安县,4,330100,0571
330182,建德市,4,330100,0571
330203,海曙区,4,330200,0574
330205,江北区,4,330200,0574
330206,北仑区,4,330200,0574
330211,镇海区,4,330200,0574
330212,鄞州区,4,330200,0574
330213,奉化区,4,330200,0574
330225,象山县,4,330200,0574
330226,宁海县,4,330200,0574
330281,余姚市,4,330200,0574
330282,慈溪市,4,330200,0574
330302,鹿城区,4,330300,0577
330303,龙湾区,4,330300,0577
330304,瓯海区,4,330300,0577
330305,洞头区,4,330300,0577
330324,永嘉县,4,330300,0577
330326,平阳县,4,330300,0577
330327,苍南县,4,330300,0577
330328,文成县,4,330300,0577
330329,泰顺县,4,330300,0577
330371,温州经济技术开发区,4,330300,0577
330381,瑞安市,4,330300,0577
330382,乐清市,4,330300,0577
330383,龙港市,4,330300,0577
330402,南湖区,4,330400,0573
330411,秀洲区,4,330400,0573
330421,嘉善县,4,330400,0573
330424,海盐县,4,330400,0573
330481,海宁市,4,330400,0573
330482,平湖市,4,330400,0573
330483,桐乡市,4,330400,0573
330502,吴兴区,4,330500,0572
330503,南浔区,4,330500,0572
330521,德清县,4,330500,0572
330522,长兴县,4,330500,0572
330523,安吉县,4,330500,0572
330602,越城区,4,330600,0575
330603,柯桥区,4,330600,0575
330604,上虞区,4,330600,0575
330624,新昌县,4,330600,0575
330681,诸暨市,4,330600,0575
330683,嵊州市,4,330600,0575
330702,婺城区,4,330700,0579
330703,金东区,4,330700,0579
330723,武义县,4,330700,0579
330726,浦江县,4,330700,0579
330727,磐安县,4,330700,0579
330781,兰溪市,4,330700,0579
330782,义乌市,4,330700,0579
330783,东阳市,4,330700,0579
330784,永康市,4,330700,0579
330802,柯城区,4,330800,0570
330803,衢江区,4,330800,0570
330822,常山县,4,330800,0570
330824,开化县,4,330800,0570
330825,龙游县,4,330800,0570
330881,江山市,4,330800,0570
330902,定海区,4,330900,0580
330903,普陀区,4,330900,0580
330921,岱山县,4,330900,0580
330922,嵊泗县,4,330900,0580
331002,椒江区,4,331000,0576
331003,黄岩区,4,331000,0576
331004,路桥区,4,331000,0576
331022,三门县,4,331000,0576
331023,天台县,4,331000,0576
331024,仙居县,4,331000,0576
331081,温岭市,4,331000,0576
331082,临海市,4,331000,0576
331083,玉环市,4,331000,0576
331102,莲都区,4,331100,0578
331121,青田县,4,331100,0578
331122,缙云县,4,331100,0578
331123,遂昌县,4,331100,0578
331124,松阳县,4,331100,0578
331125,云和县,4,331100,0578
331126,庆元县,4,331100,0578
331127,景宁畲族自治县,4,331100,0578
331181,龙泉市,4,331100,0578
340102,瑶海区,4,340100,0551
340103,庐阳区,4,340100,0551
340104,蜀山区,4,340100,0551
340111,包河区,4,340100,0551
340121,长丰县,4,340100,0551
340122,肥东县,4,340100,0551
340123,肥西县,4,340100,0551
340124,庐江县,4,340100,0551
340171,合肥高新技术产业开发区,4,340100,0551
340172,合肥经济技术开发区,4,340100,0551
340173,合肥新站高新技术产业开发区,4,340100,0551
340181,巢湖市,4,340100,0551
340202,镜湖区,4,340200,0553
340207,鸠江区,4,340200,0553
340209,弋江区,4,340200,0553
340210,湾沚区,4,340200,0553
340212,繁昌区,4,340200,0553
340223,南陵县,4,340200,0553
340271,芜湖经济技术开发区,4,340200,0553
340272,安徽芜湖三山经济开发区,4,340200,0553
340281,无为市,4,340200,0553
340302,龙子湖区,4,340300,0552
340303,蚌山区,4,340300,0552
340304,禹会区,4,340300,0552
340311,淮上区,4,340300,0552
340321,怀远县,4,340300,0552
340322,五河县,4,340300,0552
340323,固镇县,4,340300,0552
340371,蚌埠市高新技术开发区,4,340300,0552
340372,蚌埠市经济开发区,4,340300,0552
340402,大通区,4,340400,0554
340403,田家庵区,4,340400,0554
340404,谢家集区,4,340400,0554
340405,八公山区,4,340400,0554
340406,潘集区,4,340400,0554
340421,凤台县,4,340400,0554
340422,寿县,4,340400,0554
340503,花山区,4,340500,0555
340504,雨山区,4,340500,0555
340506,博望区,4,340500,0555
340521,当涂县,4,340500,0555
340522,含山县,4,340500,0555
340523,和县,4,340500,0555
340602,杜集区,4,340600,0561
340603,相山区,4,340600,0561
340604,烈山区,4,340600,0561
340621,濉溪县,4,340600,0561
340705,铜官区,4,340700,0562
340706,义安区,4,340700,0562
340711,郊区,4,340700,0562
340722,枞阳县,4,340700,0562
340802,迎江区,4,340800,0556
340803,大观区,4,340800,0556
340811,宜秀区,4,340800,0556
340822,怀宁县,4,340800,0556
340825,太湖县,4,340800,0556
340826,宿松县,4,340800,0556
340827,望江县,4,340800,0556
340828,岳西县,4,340800,0556
340871,安徽安庆经济开发区,4,340800,0556
340881,桐城市,4,340800,0556
340882,潜山市,4,340800,0556
341002,屯溪区,4,341000,0559
341003,黄山区,4,341000,0559
341004,徽州区,4,341000,0559
341021,歙县,4,341000,0559
341022,休宁县,4,341000,0559
341023,黟县,4,341000,0559
341024,祁门县,4,341000,0559
341102,琅琊区,4,341100,0550
341103,南谯区,4,341100,0550
341122,来安县,4,341100,0550
341124,全椒县,4,341100,0550
341125,定远县,4,341100,0550
341126,凤阳县,4,341100,0550
341171,中新苏滁高新技术产业开发区,4,341100,0550
341172,滁州经济技术开发区,4,341100,0550
341181,天长市,4,341100,0550
341182,明光市,4,341100,0550
341202,颍州区,4,341200,0558
341203,颍东区,4,341200,0558
341204,颍泉区,4,341200,0558
341221,临泉县,4,341200,0558
341222,太和县,4,341200,0558
341225,阜南县,4,341200,0558
341226,颍上县,4,341200,0558
341271,阜阳合肥现代产业园区,4,341200,0558
341272,阜阳经济技术开发区,4,341200,0558
341282,界首市,4,341200,0558
341302,埇桥区,4,341300,0557
341321,砀山县,4,341300,0557
341322,萧县,4,341300,0557
341323,灵璧县,4,341300,0557
341324,泗县,4,341300,0557
341371,宿州马鞍山现代产业园区,4,341300,0557
341372,宿州经济技术开发区,4,341300,0557
341502,金安区,4,341500,0564
341503,裕安区,4,341500,0564
341504,叶集区,4,341500,0564
341522,霍邱县,4,341500,0564
341523,舒城县,4,341500,0564
341524,金寨县,4,341500,0564
341525,霍山县,4,341500,0564
341602,谯城区,4,341600,0558
341621,涡阳县,4,341600,0558
341622,蒙城县,4,341600,0558
341623,利辛县,4,341600,0558
341702,贵池区,4,341700,0566
341721,东至县,4,341700,0566
341722,石台县,4,341700,0566
341723,青阳县,4,341700,0566
341802,宣州区,4,341800,0563
341821,郎溪县,4,341800,0563
341823,泾县,4,341800,0563
341824,绩溪县,4,341800,0563
341825,旌德县,4,341800,0563
341871,宣城市经济开发区,4,341800,0563
341881,宁国市,4,341800,0563
341882,广德市,4,341800,0563
350102,鼓楼区,4,350100,0591
350103,台江区,4,350100,0591
350104,仓山区,4,350100,0591
350105,马尾区,4,350100,0591
350111,晋安区,4,350100,0591
350112,长乐区,4,350100,0591
350121,闽侯县,4,350100,0591
350122,连江县,4,350100,0591
350123,罗源县,4,350100,0591
350124,闽清县,4,350100,0591
350125,永泰县,4,350100,0591
350128,平潭县,4,350100,0591
350181,福清市,4,350100,0591
350203,思明区,4,350200,0592
350205,海沧区,4,350200,0592
350206,湖里区,4,350200,0592
350211,集美区,4,350200,0592
350212,同安区,4,350200,0592
350213,翔安区,4,350200,0592
350302,城厢区,4,350300,0594
350303,涵江区,4,350300,0594
350304,荔城区,4,350300,0594
350305,秀屿区,4,350300,0594
350322,仙游县,4,350300,0594
350404,三元区,4,350400,0598
350405,沙县区,4,350400,0598
350421,明溪县,4,350400,0598
350423,清流县,4,350400,0598
350424,宁化县,4,350400,0598
350425,大田县,4,350400,0598
350426,尤溪县,4,350400,0598
350428,将乐县,4,350400,0598
350429,泰宁县,4,350400,0598
350430,建宁县,4,350400,0598
350481,永安市,4,350400,0598
350502,鲤城区,4,350500,0595
350503,丰泽区,4,350500,0595
350504,洛江区,4,350500,0595
350505,泉港区,4,350500,0595
350521,惠安县,4,350500,0595
350524,安溪县,4,350500,0595
350525,永春县,4,350500,0595
350526,德化县,4,350500,0595
350527,金门县,4,350500,0595
350581,石狮市,4,350500,0595
350582,晋江市,4,350500,0595
350583,南安市,4,350500,0595
350602,芗城区,4,350600,0596
350603,龙文区,4,350600,0596
350604,龙海区,4,350600,0596
350605,长泰区,4,350600,0596
350622,云霄县,4,350600,0596
350623,漳浦县,4,350600,0596
350624,诏安县,4,350600,0596
350626,东山县,4,350600,0596
350627,南靖县,4,350600,0596
350628,平和县,4,350600,0596
350629,华安县,4,350600,0596
350702,延平区,4,350700,0599
350703,建阳区,4,350700,0599
350721,顺昌县,4,350700,0599
350722,浦城县,4,350700,0599
350723,光泽县,4,350700,0599
350724,松溪县,4,350700,0599
350725,政和县,4,350700,0599
350781,邵武市,4,350700,0599
350782,武夷山市,4,350700,0599
350783,建瓯市,4,350700,0599
350802,新罗区,4,350800,0597
350803,永定区,4,350800,0597
350821,长汀县,4,350800,0597
350823,上杭县,4,350800,0597
350824,武平县,4,350800,0597
350825,连城县,4,350800,0597
350881,漳平市,4,350800,0597
350902,蕉城区,4,350900,0593
350921,霞浦县,4,350900,0593
350922,古田县,4,350900,0593
350923,屏南县,4,350900,0593
350924,寿宁县,4,350900,0593
350925,周宁县,4,350900,0593
350926,柘荣县,4,350900,0593
350981,福安市,4,350900,0593
350982,福鼎市,4,350900,0593
360102,东湖区,4,360100,0791
360103,西湖区,4,360100,0791
360104,青云谱区,4,360100,0791
360111,青山湖区,4,360100,0791
360112,新建区,4,360100,0791
360113,红谷滩区,4,360100,0791
360121,南昌县,4,360100,0791
360123,安义县,4,360100,0791
360124,进贤县,4,360100,0791
360202,昌江区,4,360200,0798
360203,珠山区,4,360200,0798
360222,浮梁县,4,360200,0798
360281,乐平市,4,360200,0798
360302,安源区,4,360300,0799
360313,湘东区,4,360300,0799
360321,莲花县,4,360300,0799
360322,上栗县,4,360300,0799
360323,芦溪县,4,360300,0799
360402,濂溪区,4,360400,0792
360403,浔阳区,4,360400,0792
360404,柴桑区,4,360400,0792
360423,武宁县,4,360400,0792
360424,修水县,4,360400,0792
360425,永修县,4,360400,0792
360426,德安县,4,360400,0792
360428,都昌县,4,360400,0792
360429,湖口县,4,360400,0792
360430,彭泽县,4,360400,0792
360481,瑞昌市,4,360400,0792
360482,共青城市,4,360400,0792
360483,庐山市,4,360400,0792
360502,渝水区,4,360500,0790
360521,分宜县,4,360500,0790
360602,月湖区,4,360600,0701
360603,余江区,4,360600,0701
360681,贵溪市,4,360600,0701
360702,章贡区,4,360700,0797
360703,南康区,4,360700,0797
360704,赣县区,4,360700,0797
360722,信丰县,4,360700,0797
360723,大余县,4,360700,0797
360724,上犹县,4,360700,0797
360725,崇义县,4,360700,0797
360726,安远县,4,360700,0797
360728,定南县,4,360700,0797
360729,全南县,4,360700,0797
360730,宁都县,4,360700,0797
360731,于都县,4,360700,0797
360732,兴国县,4,360700,0797
360733,会昌县,4,360700,0797
360734,寻乌县,4,360700,0797
360735,石城县,4,360700,0797
360781,瑞金市,4,360700,0797
360783,龙南市,4,360700,0797
360802,吉州区,4,360800,0796
360803,青原区,4,360800,0796
360821,吉安县,4,360800,0796
360822,吉水县,4,360800,0796
360823,峡江县,4,360800,0796
360824,新干县,4,360800,0796
360825,永丰县,4,360800,0796
360826,泰和县,4,360800,0796
360827,遂川县,4,360800,0796
360828,万安县,4,360800,0796
360829,安福县,4,360800,0796
360830,永新县,4,360800,0796
360881,井冈山市,4,360800,0796
360902,袁州区,4,360900,0795
360921,奉新县,4,360900,0795
360922,万载县,4,360900,0795
360923,上高县,4,360900,0795
360924,宜丰县,4,360900,0795
360925,靖安县,4,360900,0795
360926,铜鼓县,4,360900,0795
360981,丰城市,4,360900,0795
360982,樟树市,4,360900,0795
360983,高安市,4,360900,0795
361002,临川区,4,361000,0794
361003,东乡区,4,361000,0794
361021,南城县,4,361000,0794
361022,黎川县,4,361000,0794
361023,南丰县,4,361000,0794
361024,崇仁县,4,361000,0794
361025,乐安县,4,361000,0794
361026,宜黄县,4,361000,0794
361027,金溪县,4,361000,0794
361028,资溪县,4,361000,0794
361030,广昌县,4,361000,0794
361102,信州区,4,361100,0793
361103,广丰区,4,361100,0793
361104,广信区,4,361100,0793
361123,玉山县,4,361100,0793
361124,铅山县,4,361100,0793
361125,横峰县,4,361100,0793
361126,弋阳县,4,361100,0793
361127,余干县,4,361100,0793
361128,鄱阳县,4,361100,0793
361129,万年县,4,361100,0793
361130,婺源县,4,361100,0793
361181,德兴市,4,361100,0793
370102,历下区,4,370100,0531
370103,市中区,4,370100,0531
370104,槐荫区,4,370100,0531
370105,天桥区,4,370100,0531
370112,历城区,4,370100,0531
370113,长清区,4,370100,0531
370114,章丘区,4,370100,0531
370115,济阳区,4,370100,0531
370116,莱芜区,4,370100,0531
370117,钢城区,4,370100,0531
370124,平阴县,4,370100,0531
370126,商河县,4,370100,0531
370171,济南高新技术产业开发区,4,370100,0531
370202,市南区,4,370200,0532
370203,市北区,4,370200,0532
370211,黄岛区,4,370200,0532
370212,崂山区,4,370200,0532
370213,李沧区,4,370200,0532
370214,城阳区,4,370200,0532
370215,即墨区,4,370200,0532
370271,青岛高新技术产业开发区,4,370200,0532
370281,胶州市,4,370200,0532
370283,平度市,4,370200,0532
370285,莱西市,4,370200,0532
370302,淄川区,4,370300,0533
370303,张店区,4,370300,0533
370304,博山区,4,370300,0533
370305,临淄区,4,370300,0533
370306,周村区,4,370300,0533
370321,桓台县,4,370300,0533
370322,高青县,4,370300,0533
370323,沂源县,4,370300,0533
370402,市中区,4,370400,0632
370403,薛城区,4,370400,0632
370404,峄城区,4,370400,0632
370405,台儿庄区,4,370400,0632
370406,山亭区,4,370400,0632
370481,滕州市,4,370400,0632
370502,东营区,4,370500,0546
370503,河口区,4,370500,0546
370505,垦利区,4,370500,0546
370522,利津县,4,370500,0546
370523,广饶县,4,370500,0546
370571,东营经济技术开发区,4,370500,0546
370572,东营港经济开发区,4,370500,0546
370602,芝罘区,4,370600,0535
370611,福山区,4,370600,0535
370612,牟平区,4,370600,0535
370613,莱山区,4,370600,0535
370614,蓬莱区,4,370600,0535
370671,烟台高新技术产业开发区,4,370600,0535
370672,烟台经济技术开发区,4,370600,0535
370681,龙口市,4,370600,0535
370682,莱阳市,4,370600,0535
370683,莱州市,4,370600,0535
370685,招远市,4,370600,0535
370686,栖霞市,4,370600,0535
370687,海阳市,4,370600,0535
370702,潍城区,4,370700,0536
370703,寒亭区,4,370700,0536
370704,坊子区,4,370700,0536
370705,奎文区,4,370700,0536
370724,临朐县,4,370700,0536
370725,昌乐县,4,370700,0536
370772,潍坊滨海经济技术开发区,4,370700,0536
370781,青州市,4,370700,0536
370782,诸城市,4,370700,0536
370783,寿光市,4,370700,0536
370784,安丘市,4,370700,0536
370785,高密市,4,370700,0536
370786,昌邑市,4,370700,0536
370811,任城区,4,370800,0537
370812,兖州区,4,370800,0537
370826,微山县,4,370800,0537
370827,鱼台县,4,370800,0537
370828,金乡县,4,370800,0537
370829,嘉祥县,4,370800,0537
370830,汶上县,4,370800,0537
370831,泗水县,4,370800,0537
370832,梁山县,4,370800,0537
370871,济宁高新技术产业开发区,4,370800,0537
370881,曲阜市,4,370800,0537
370883,邹城市,4,370800,0537
370902,泰山区,4,370900,0538
370911,岱岳区,4,370900,0538
370921,宁阳县,4,370900,0538
370923,东平县,4,370900,0538
370982,新泰市,4,370900,0538
370983,肥城市,4,370900,0538
371002,环翠区,4,371000,0631
371003,文登区,4,371000,0631
371071,威海火炬高技术产业开发区,4,371000,0631
371072,威海经济技术开发区,4,371000,0631
371073,威海临港经济技术开发区,4,371000,0631
371082,荣成市,4,371000,0631
371083,乳山市,4,371000,0631
371102,东港区,4,371100,0633
371103,岚山区,4,371100,0633
371121,五莲县,4,371100,0633
371122,莒县,4,371100,0633
371171,日照经济技术开发区,4,371100,0633
371302,兰山区,4,371300,0539
371311,罗庄区,4,371300,0539
371312,河东区,4,371300,0539
371321,沂南县,4,371300,0539
371322,郯城县,4,371300,0539
371323,沂水县,4,371300,0539
371324,兰陵县,4,371300,0539
371325,费县,4,371300,0539
371326,平邑县,4,371300,0539
371327,莒南县,4,371300,0539
371328,蒙阴县,4,371300,0539
371329,临沭县,4,371300,0539
371371,临沂高新技术产业开发区,4,371300,0539
371402,德城区,4,371400,0534
371403,陵城区,4,371400,0534
371422,宁津县,4,371400,0534
371423,庆云县,4,371400,0534
371424,临邑县,4,371400,0534
371425,齐河县,4,371400,0534
371426,平原县,4,371400,0534
371427,夏津县,4,371400,0534
371428,武城县,4,371400,0534
371471,德州经济技术开发区,4,371400,0534
371472,德州运河经济开发区,4,371400,0534
371481,乐陵市,4,371400,0534
371482,禹城市,4,371400,0534
371502,东昌府区,4,371500,0635
371503,茌平区,4,371500,0635
371521,阳谷县,4,371500,0635
371522,莘县,4,371500,0635
371524,东阿县,4,371500,0635
371525,冠县,4,371500,0635
371526,高唐县,4,371500,0635
371581,临清市,4,371500,0635
371602,滨城区,4,371600,0543
371603,沾化区,4,371600,0543
371621,惠民县,4,371600,0543
371622,阳信县,4,371600,0543
371623,无棣县,4,371600,0543
371625,博兴县,4,371600,0543
371681,邹平市,4,371600,0543
371702,牡丹区,4,371700,0530
371703,定陶区,4,371700,0530
371721,曹县,4,371700,0530
371722,单县,4,371700,0530
371723,成武县,4,371700,0530
371724,巨野县,4,371700,0530
371725,郓城县,4,371700,0530
371726,鄄城县,4,371700,0530
371728,东明县,4,371700,0530
371771,菏泽经济技术开发区,4,371700,0530
371772,菏泽高新技术开发区,4,371700,0530
410102,中原区,4,410100,0371
410103,二七区,4,410100,0371
410104,管城回族区,4,410100,0371
410105,金水区,4,410100,0371
410106,上街区,4,410100,0371
410108,惠济区,4,410100,0371
410122,中牟县,4,410100,0371
410171,郑州经济技术开发区,4,410100,0371
410172,郑州高新技术产业开发区,4,410100,0371
410173,郑州航空港经济综合实验区,4,410100,0371
410181,巩义市,4,410100,0371
410182,荥阳市,4,410100,0371
410183,新密市,4,410100,0371
410184,新郑市,4,410100,0371
410185,登封市,4,410100,0371
410202,龙亭区,4,410200,0378
410203,顺河回族区,4,410200,0378
410204,鼓楼区,4,410200,0378
410205,禹王台区,4,410200,0378
410212,祥符区,4,410200,0378
410221,杞县,4,410200,0378
410222,通许县,4,410200,0378
410223,尉氏县,4,410200,0378
410225,兰考县,4,410200,0378
410302,老城区,4,410300,0379
410303,西工区,4,410300,0379
410304,瀍河回族区,4,410300,0379
410305,涧西区,4,410300,0379
410307,偃师区,4,410300,0379
410308,孟津区,4,410300,0379
410311,洛龙区,4,410300,0379
410323,新安县,4,410300,0379
410324,栾川县,4,410300,0379
410325,嵩县,4,410300,0379
410326,汝阳县,4,410300,0379
410327,宜阳县,4,410300,0379
410328,洛宁县,4,410300,0379
410329,伊川县,4,410300,0379
410371,洛阳高新技术产业开发区,4,410300,0379
410402,新华区,4,410400,0375
410403,卫东区,4,410400,0375
410404,石龙区,4,410400,0375
410411,湛河区,4,410400,0375
410421,宝丰县,4,410400,0375
410422,叶县,4,410400,0375
410423,鲁山县,4,410400,0375
410425,郏县,4,410400,0375
410471,平顶山高新技术产业开发区,4,410400,0375
410472,平顶山市城乡一体化示范区,4,410400,0375
410481,舞钢市,4,410400,0375
410482,汝州市,4,410400,0375
410502,文峰区,4,410500,0372
410503,北关区,4,410500,0372
410505,殷都区,4,410500,0372
410506,龙安区,4,410500,0372
410522,安阳县,4,410500,0372
410523,汤阴县,4,410500,0372
410526,滑县,4,410500,0372
410527,内黄县,4,410500,0372
410571,安阳高新技术产业开发区,4,410500,0372
410581,林州市,4,410500,0372
410602,鹤山区,4,410600,0392
410603,山城区,4,410600,0392
410611,淇滨区,4,410600,0392
410621,浚县,4,410600,0392
410622,淇县,4,410600,0392
410671,鹤壁经济技术开发区,4,410600,0392
410702,红旗区,4,410700,0373
410703,卫滨区,4,410700,0373
410704,凤泉区,4,410700,0373
410711,牧野区,4,410700,0373
410721,新乡县,4,410700,0373
410724,获嘉县,4,410700,0373
410725,原阳县,4,410700,0373
410726,延津县,4,410700,0373
410727,封丘县,4,410700,0373
410771,新乡高新技术产业开发区,4,410700,0373
410772,新乡经济技术开发区,4,410700,0373
410773,新乡市平原城乡一体化示范区,4,410700,0373
410781,卫辉市,4,410700,0373
410782,辉县市,4,410700,0373
410783,长垣市,4,410700,0373
410802,解放区,4,410800,0391
410803,中站区,4,410800,0391
410804,马村区,4,410800,0391
410811,山阳区,4,410800,0391
410821,修武县,4,410800,0391
410822,博爱县,4,410800,0391
410823,武陟县,4,410800,0391
410825,温县,4,410800,0391
410871,焦作城乡一体化示范区,4,410800,0391
410882,沁阳市,4,410800,0391
410883,孟州市,4,410800,0391
410902,华龙区,4,410900,0393
410922,清丰县,4,410900,0393
410923,南乐县,4,410900,0393
410926,范县,4,410900,0393
410927,台前县,4,410900,0393
410928,濮阳县,4,410900,0393
410971,河南濮阳工业园区,4,410900,0393
410972,濮阳经济技术开发区,4,410900,0393
411002,魏都区,4,411000,0374
411003,建安区,4,411000,0374
411024,鄢陵县,4,411000,0374
411025,襄城县,4,411000,0374
411071,许昌经济技术开发区,4,411000,0374
411081,禹州市,4,411000,0374
411082,长葛市,4,411000,0374
411102,源汇区,4,411100,0395
411103,郾城区,4,411100,0395
411104,召陵区,4,411100,0395
411121,舞阳县,4,411100,0395
411122,临颍县,4,411100,0395
411171,漯河经济技术开发区,4,411100,0395
411202,湖滨区,4,411200,0398
411203,陕州区,4,411200,0398
411221,渑池县,4,411200,0398
411224,卢氏县,4,411200,0398
411271,河南三门峡经济开发区,4,411200,0398
411281,义马市,4,411200,0398
411282,灵宝市,4,411200,0398
411302,宛城区,4,411300,0377
411303,卧龙区,4,411300,0377
411321,南召县,4,411300,0377
411322,方城县,4,411300,0377
411323,西峡县,4,411300,0377
411324,镇平县,4,411300,0377
411325,内乡县,4,411300,0377
411326,淅川县,4,411300,0377
411327,社旗县,4,411300,0377
411328,唐河县,4,411300,0377
411329,新野县,4,411300,0377
411330,桐柏县,4,411300,0377
411371,南阳高新技术产业开发区,4,411300,0377
411372,南阳市城乡一体化示范区,4,411300,0377
411381,邓州市,4,411300,0377
411402,梁园区,4,411400,0370
411403,睢阳区,4,411400,0370
411421,民权县,4,411400,0370
411422,睢县,4,411400,0370
411423,宁陵县,4,411400,0370
411424,柘城县,4,411400,0370
411425,虞城县,4,411400,0370
411426,夏邑县,4,411400,0370
411471,豫东综合物流产业聚集区,4,411400,0370
411472,河南商丘经济开发区,4,411400,0370
411481,永城市,4,411400,0370
411502,浉河区,4,411500,0376
411503,平桥区,4,411500,0376
411521,罗山县,4,411500,0376
411522,光山县,4,411500,0376
411523,新县,4,411500,0376
411524,商城县,4,411500,0376
411525,固始县,4,411500,0376
411526,潢川县,4,411500,0376
411527,淮滨县,4,411500,0376
411528,息县,4,411500,0376
411571,信阳高新技术产业开发区,4,411500,0376
411602,川汇区,4,411600,0394
411603,淮阳区,4,411600,0394
411621,扶沟县,4,411600,0394
411622,西华县,4,411600,0394
411623,商水县,4,411600,0394
411624,沈丘县,4,411600,0394
411625,郸城县,4,411600,0394
411627,太康县,4,411600,0394
411628,鹿邑县,4,411600,0394
411671,河南周口经济开发区,4,411600,0394
411681,项城市,4,411600,0394
411702,驿城区,4,411700,0396
411721,西平县,4,411700,0396
411722,上蔡县,4,411700,0396
411723,平舆县,4,411700,0396
411724,正阳县,4,411700,0396
411725,确山县,4,411700,0396
411726,泌阳县,4,411700,0396
411727,汝南县,4,411700,0396
411728,遂平县,4,411700,0396
411729,新蔡县,4,411700,0396
411771,河南驻马店经济开发区,4,411700,0396
419001,济源市,4,419000,0391
420102,江岸区,4,420100,027
420103,江汉区,4,420100,027
420104,硚口区,4,420100,027
420105,汉阳区,4,420100,027
420106,武昌区,4,420100,027
420107,青山区,4,420100,027
420111,洪山区,4,420100,027
420112,东西湖区,4,420100,027
420113,汉南区,4,420100,027
420114,蔡甸区,4,420100,027
420115,江夏区,4,420100,027
420116,黄陂区,4,420100,027
420117,新洲区,4,420100,027
420202,黄石港区,4,420200,0714
420203,西塞山区,4,420200,0714
420204,下陆区,4,420200,0714
420205,铁山区,4,420200,0714
420222,阳新县,4,420200,0714
420281,大冶市,4,420200,0714
420302,茅箭区,4,420300,0719
420303,张湾区,4,420300,0719
420304,郧阳区,4,420300,0719
420322,郧西县,4,420300,0719
420323,竹山县,4,420300,0719
420324,竹溪县,4,420300,0719
420325,房县,4,420300,0719
420381,丹江口市,4,420300,0719
420502,西陵区,4,420500,0717
420503,伍家岗区,4,420500,0717
420504,点军区,4,420500,0717
420505,猇亭区,4,420500,0717
420506,夷陵区,4,420500,0717
420525,远安县,4,420500,0717
420526,兴山县,4,420500,0717
420527,秭归县,4,420500,0717
420528,长阳土家族自治县,4,420500,0717
420529,五峰土家族自治县,4,420500,0717
420581,宜都市,4,420500,0717
420582,当阳市,4,420500,0717
420583,枝江市,4,420500,0717
420602,襄城区,4,420600,0710
420606,樊城区,4,420600,0710
420607,襄州区,4,420600,0710
420624,南漳县,4,420600,0710
420625,谷城县,4,420600,0710
420626,保康县,4,420600,0710
420682,老河口市,4,420600,0710
420683,枣阳市,4,420600,0710
420684,宜城市,4,420600,0710
420702,梁子湖区,4,420700,0711
420703,华容区,4,420700,0711
420704,鄂城区,4,420700,0711
420802,东宝区,4,420800,0724
420804,掇刀区,4,420800,0724
420822,沙洋县,4,420800,0724
420881,钟祥市,4,420800,0724
420882,京山市,4,420800,0724
420902,孝南区,4,420900,0712
420921,孝昌县,4,420900,0712
420922,大悟县,4,420900,0712
420923,云梦县,4,420900,0712
420981,应城市,4,420900,0712
420982,安陆市,4,420900,0712
420984,汉川市,4,420900,0712
421002,沙市区,4,421000,0716
421003,荆州区,4,421000,0716
421022,公安县,4,421000,0716
421024,江陵县,4,421000,0716
421071,荆州经济技术开发区,4,421000,0716
421081,石首市,4,421000,0716
421083,洪湖市,4,421000,0716
421087,松滋市,4,421000,0716
421088,监利市,4,421000,0716
421102,黄州区,4,421100,0713
421121,团风县,4,421100,0713
421122,红安县,4,421100,0713
421123,罗田县,4,421100,0713
421124,英山县,4,421100,0713
421125,浠水县,4,421100,0713
421126,蕲春县,4,421100,0713
421127,黄梅县,4,421100,0713
421171,龙感湖管理区,4,421100,0713
421181,麻城市,4,421100,0713
421182,武穴市,4,421100,0713
421202,咸安区,4,421200,0715
421221,嘉鱼县,4,421200,0715
421222,通城县,4,421200,0715
421223,崇阳县,4,421200,0715
421224,通山县,4,421200,0715
421281,赤壁市,4,421200,0715
421303,曾都区,4,421300,0722
421321,随县,4,421300,0722
421381,广水市,4,421300,0722
422801,恩施市,4,422800,0718
422802,利川市,4,422800,0718
422822,建始县,4,422800,0718
422823,巴东县,4,422800,0718
422825,宣恩县,4,422800,0718
422826,咸丰县,4,422800,0718
422827,来凤县,4,422800,0718
422828,鹤峰县,4,422800,0718
429004,仙桃市,4,429000,0728
429005,潜江市,4,429000,0728
429006,天门市,4,429000,0728
429021,神农架林区,4,429000,0719
430102,芙蓉区,4,430100,0731
430103,天心区,4,430100,0731
430104,岳麓区,4,430100,0731
430105,开福区,4,430100,0731
430111,雨花区,4,430100,0731
430112,望城区,4,430100,0731
430121,长沙县,4,430100,0731
430181,浏阳市,4,430100,0731
430182,宁乡市,4,430100,0731
430202,荷塘区,4,430200,0733
430203,芦淞区,4,430200,0733
430204,石峰区,4,430200,0733
430211,天元区,4,430200,0733
430212,渌口区,4,430200,0733
430223,攸县,4,430200,0733
430224,茶陵县,4,430200,0733
430225,炎陵县,4,430200,0733
430271,云龙示范区,4,430200,0733
430281,醴陵市,4,430200,0733
430302,雨湖区,4,430300,0732
430304,岳塘区,4,430300,0732
430321,湘潭县,4,430300,0732
430371,湖南湘潭高新技术产业园区,4,430300,0732
430372,湘潭昭山示范区,4,430300,0732
430373,湘潭九华示范区,4,430300,0732
430381,湘乡市,4,430300,0732
430382,韶山市,4,430300,0732
430405,珠晖区,4,430400,0734
430406,雁峰区,4,430400,0734
430407,石鼓区,4,430400,0734
430408,蒸湘区,4,430400,0734
430412,南岳区,4,430400,0734
430421,衡阳县,4,430400,0734
430422,衡南县,4,430400,0734
430423,衡山县,4,430400,0734
430424,衡东县,4,430400,0734
430426,祁东县,4,430400,0734
430471,衡阳综合保税区,4,430400,0734
430472,湖南衡阳高新技术产业园区,4,430400,0734
430473,湖南衡阳松木经济开发区,4,430400,0734
430481,耒阳市,4,430400,0734
430482,常宁市,4,430400,0734
430502,双清区,4,430500,0739
430503,大祥区,4,430500,0739
430511,北塔区,4,430500,0739
430522,新邵县,4,430500,0739
430523,邵阳县,4,430500,0739
430524,隆回县,4,430500,0739
430525,洞口县,4,430500,0739
430527,绥宁县,4,430500,0739
430528,新宁县,4,430500,0739
430529,城步苗族自治县,4,430500,0739
430581,武冈市,4,430500,0739
430582,邵东市,4,430500,0739
430602,岳阳楼区,4,430600,0730
430603,云溪区,4,430600,0730
430611,君山区,4,430600,0730
430621,岳阳县,4,430600,0730
430623,华容县,4,430600,0730
430624,湘阴县,4,430600,0730
430626,平江县,4,430600,0730
430671,岳阳市屈原管理区,4,430600,0730
430681,汨罗市,4,430600,0730
430682,临湘市,4,430600,0730
430702,武陵区,4,430700,0736
430703,鼎城区,4,430700,0736
430721,安乡县,4,430700,0736
430722,汉寿县,4,430700,0736
430723,澧县,4,430700,0736
430724,临澧县,4,430700,0736
430725,桃源县,4,430700,0736
430726,石门县,4,430700,0736
430771,常德市西洞庭管理区,4,430700,0736
430781,津市市,4,430700,0736
430802,永定区,4,430800,0744
430811,武陵源区,4,430800,0744
430821,慈利县,4,430800,0744
430822,桑植县,4,430800,0744
430902,资阳区,4,430900,0737
430903,赫山区,4,430900,0737
430921,南县,4,430900,0737
430922,桃江县,4,430900,0737
430923,安化县,4,430900,0737
430971,益阳市大通湖管理区,4,430900,0737
430972,湖南益阳高新技术产业园区,4,430900,0737
430981,沅江市,4,430900,0737
431002,北湖区,4,431000,0735
431003,苏仙区,4,431000,0735
431021,桂阳县,4,431000,0735
431022,宜章县,4,431000,0735
431023,永兴县,4,431000,0735
431024,嘉禾县,4,431000,0735
431025,临武县,4,431000,0735
431026,汝城县,4,431000,0735
431027,桂东县,4,431000,0735
431028,安仁县,4,431000,0735
431081,资兴市,4,431000,0735
431102,零陵区,4,431100,0746
431103,冷水滩区,4,431100,0746
431122,东安县,4,431100,0746
431123,双牌县,4,431100,0746
431124,道县,4,431100,0746
431125,江永县,4,431100,0746
431126,宁远县,4,431100,0746
431127,蓝山县,4,431100,0746
431128,新田县,4,431100,0746
431129,江华瑶族自治县,4,431100,0746
431171,永州经济技术开发区,4,431100,0746
431173,永州市回龙圩管理区,4,431100,0746
431181,祁阳市,4,431100,0746
431202,鹤城区,4,431200,0745
431221,中方县,4,431200,0745
431222,沅陵县,4,431200,0745
431223,辰溪县,4,431200,0745
431224,溆浦县,4,431200,0745
431225,会同县,4,431200,0745
431226,麻阳苗族自治县,4,431200,0745
431227,新晃侗族自治县,4,431200,0745
431228,芷江侗族自治县,4,431200,0745
431229,靖州苗族侗族自治县,4,431200,0745
431230,通道侗族自治县,4,431200,0745
431271,怀化市洪江管理区,4,431200,0745
431281,洪江市,4,431200,0745
431302,娄星区,4,431300,0738
431321,双峰县,4,431300,0738
431322,新化县,4,431300,0738
431381,冷水江市,4,431300,0738
431382,涟源市,4,431300,0738
433101,吉首市,4,433100,0743
433122,泸溪县,4,433100,0743
433123,凤凰县,4,433100,0743
433124,花垣县,4,433100,0743
433125,保靖县,4,433100,0743
433126,古丈县,4,433100,0743
433127,永顺县,4,433100,0743
433130,龙山县,4,433100,0743
440103,荔湾区,4,440100,020
440104,越秀区,4,440100,020
440105,海珠区,4,440100,020
440106,天河区,4,440100,020
440111,白云区,4,440100,020
440112,黄埔区,4,440100,020
440113,番禺区,4,440100,020
440114,花都区,4,440100,020
440115,南沙区,4,440100,020
440117,从化区,4,440100,020
440118,增城区,4,440100,020
440203,武江区,4,440200,0751
440204,浈江区,4,440200,0751
440205,曲江区,4,440200,0751
440222,始兴县,4,440200,0751
440224,仁化县,4,440200,0751
440229,翁源县,4,440200,0751
440232,乳源瑶族自治县,4,440200,0751
440233,新丰县,4,440200,0751
440281,乐昌市,4,440200,0751
440282,南雄市,4,440200,0751
440303,罗湖区,4,440300,0755
440304,福田区,4,440300,0755
440305,南山区,4,440300,0755
440306,宝安区,4,440300,0755
440307,龙岗区,4,440300,0755
440308,盐田区,4,440300,0755
440309,龙华区,4,440300,0755
440310,坪山区,4,440300,0755
440311,光明区,4,440300,0755
440402,香洲区,4,440400,0756
440403,斗门区,4,440400,0756
440404,金湾区,4,440400,0756
440507,龙湖区,4,440500,0754
440511,金平区,4,440500,0754
440512,濠江区,4,440500,0754
440513,潮阳区,4,440500,0754
440514,潮南区,4,440500,0754
440515,澄海区,4,440500,0754
440523,南澳县,4,440500,0754
440604,禅城区,4,440600,0757
440605,南海区,4,440600,0757
440606,顺德区,4,440600,0757
440607,三水区,4,440600,0757
440608,高明区,4,440600,0757
440703,蓬江区,4,440700,0750
440704,江海区,4,440700,0750
440705,新会区,4,440700,0750
440781,台山市,4,440700,0750
440783,开平市,4,440700,0750
440784,鹤山市,4,440700,0750
440785,恩平市,4,440700,0750
440802,赤坎区,4,440800,0759
440803,霞山区,4,440800,0759
440804,坡头区,4,440800,0759
440811,麻章区,4,440800,0759
440823,遂溪县,4,440800,0759
440825,徐闻县,4,440800,0759
440881,廉江市,4,440800,0759
440882,雷州市,4,440800,0759
440883,吴川市,4,440800,0759
440902,茂南区,4,440900,0668
440904,电白区,4,440900,0668
440981,高州市,4,440900,0668
440982,化州市,4,440900,0668
440983,信宜市,4,440900,0668
441202,端州区,4,441200,0758
441203,鼎湖区,4,441200,0758
441204,高要区,4,441200,0758
441223,广宁县,4,441200,0758
441224,怀集县,4,441200,0758
441225,封开县,4,441200,0758
441226,德庆县,4,441200,0758
441284,四会市,4,441200,0758
441302,惠城区,4,441300,0752
441303,惠阳区,4,441300,0752
441322,博罗县,4,441300,0752
441323,惠东县,4,441300,0752
441324,龙门县,4,441300,0752
441402,梅江区,4,441400,0753
441403,梅县区,4,441400,0753
441422,大埔县,4,441400,0753
441423,丰顺县,4,441400,0753
441424,五华县,4,441400,0753
441426,平远县,4,441400,0753
441427,蕉岭县,4,441400,0753
441481,兴宁市,4,441400,0753
441502,城区,4,441500,0660
441521,海丰县,4,441500,0660
441523,陆河县,4,441500,0660
441581,陆丰市,4,441500,0660
441602,源城区,4,441600,0762
441621,紫金县,4,441600,0762
441622,龙川县,4,441600,0762
441623,连平县,4,441600,0762
441624,和平县,4,441600,0762
441625,东源县,4,441600,0762
441702,江城区,4,441700,0662
441704,阳东区,4,441700,0662
441721,阳西县,4,441700,0662
441781,阳春市,4,441700,0662
441802,清城区,4,441800,0763
441803,清新区,4,441800,0763
441821,佛冈县,4,441800,0763
441823,阳山县,4,441800,0763
441825,连山壮族瑶族自治县,4,441800,0763
441826,连南瑶族自治县,4,441800,0763
441881,英德市,4,441800,0763
441882,连州市,4,441800,0763
445102,湘桥区,4,445100,0768
445103,潮安区,4,445100,0768
445122,饶平县,4,445100,0768
445202,榕城区,4,445200,0663
445203,揭东区,4,445200,0663
445222,揭西县,4,445200,0663
445224,惠来县,4,445200,0663
445281,普宁市,4,445200,0663
445302,云城区,4,445300,0766
445303,云安区,4,445300,0766
445321,新兴县,4,445300,0766
445322,郁南县,4,445300,0766
445381,罗定市,4,445300,0766
450102,兴宁区,4,450100,0771
450103,青秀区,4,450100,0771
450105,江南区,4,450100,0771
450107,西乡塘区,4,450100,0771
450108,良庆区,4,450100,0771
450109,邕宁区,4,450100,0771
450110,武鸣区,4,450100,0771
450123,隆安县,4,450100,0771
450124,马山县,4,450100,0771
450125,上林县,4,450100,0771
450126,宾阳县,4,450100,0771
450181,横州市,4,450100,0771
450202,城中区,4,450200,0772
450203,鱼峰区,4,450200,0772
450204,柳南区,4,450200,0772
450205,柳北区,4,450200,0772
450206,柳江区,4,450200,0772
450222,柳城县,4,450200,0772
450223,鹿寨县,4,450200,0772
450224,融安县,4,450200,0772
450225,融水苗族自治县,4,450200,0772
450226,三江侗族自治县,4,450200,0772
450302,秀峰区,4,450300,0773
450303,叠彩区,4,450300,0773
450304,象山区,4,450300,0773
450305,七星区,4,450300,0773
450311,雁山区,4,450300,0773
450312,临桂区,4,450300,0773
450321,阳朔县,4,450300,0773
450323,灵川县,4,450300,0773
450324,全州县,4,450300,0773
450325,兴安县,4,450300,0773
450326,永福县,4,450300,0773
450327,灌阳县,4,450300,0773
450328,龙胜各族自治县,4,450300,0773
450329,资源县,4,450300,0773
450330,平乐县,4,450300,0773
450332,恭城瑶族自治县,4,450300,0773
450381,荔浦市,4,450300,0773
450403,万秀区,4,450400,0774
450405,长洲区,4,450400,0774
450406,龙圩区,4,450400,0774
450421,苍梧县,4,450400,0774
450422,藤县,4,450400,0774
450423,蒙山县,4,450400,0774
450481,岑溪市,4,450400,0774
450502,海城区,4,450500,0779
450503,银海区,4,450500,0779
450512,铁山港区,4,450500,0779
450521,合浦县,4,450500,0779
450602,港口区,4,450600,0770
450603,防城区,4,450600,0770
450621,上思县,4,450600,0770
450681,东兴市,4,450600,0770
450702,钦南区,4,450700,0777
450703,钦北区,4,450700,0777
450721,灵山县,4,450700,0777
450722,浦北县,4,450700,0777
450802,港北区,4,450800,0775
450803,港南区,4,450800,0775
450804,覃塘区,4,450800,0775
450821,平南县,4,450800,0775
450881,桂平市,4,450800,0775
450902,玉州区,4,450900,0775
450903,福绵区,4,450900,0775
450921,容县,4,450900,0775
450922,陆川县,4,450900,0775
450923,博白县,4,450900,0775
450924,兴业县,4,450900,0775
450981,北流市,4,450900,0775
451002,右江区,4,451000,0776
451003,田阳区,4,451000,0776
451022,田东县,4,451000,0776
451024,德保县,4,451000,0776
451026,那坡县,4,451000,0776
451027,凌云县,4,451000,0776
451028,乐业县,4,451000,0776
451029,田林县,4,451000,0776
451030,西林县,4,451000,0776
451031,隆林各族自治县,4,451000,0776
451081,靖西市,4,451000,0776
451082,平果市,4,451000,0776
451102,八步区,4,451100,0774
451103,平桂区,4,451100,0774
451121,昭平县,4,451100,0774
451122,钟山县,4,451100,0774
451123,富川瑶族自治县,4,451100,0774
451202,金城江区,4,451200,0778
451203,宜州区,4,451200,0778
451221,南丹县,4,451200,0778
451222,天峨县,4,451200,0778
451223,凤山县,4,451200,0778
451224,东兰县,4,451200,0778
451225,罗城仫佬族自治县,4,451200,0778
451226,环江毛南族自治县,4,451200,0778
451227,巴马瑶族自治县,4,451200,0778
451228,都安瑶族自治县,4,451200,0778
451229,大化瑶族自治县,4,451200,0778
451302,兴宾区,4,451300,0772
451321,忻城县,4,451300,0772
451322,象州县,4,451300,0772
451323,武宣县,4,451300,0772
451324,金秀瑶族自治县,4,451300,0772
451381,合山市,4,451300,0772
451402,江州区,4,451400,0771
451421,扶绥县,4,451400,0771
451422,宁明县,4,451400,0771
451423,龙州县,4,451400,0771
451424,大新县,4,451400,0771
451425,天等县,4,451400,0771
451481,凭祥市,4,451400,0771
460105,秀英区,4,460100,0898
460106,龙华区,4,460100,0898
460107,琼山区,4,460100,0898
460108,美兰区,4,460100,0898
460202,海棠区,4,460200,0898
460203,吉阳区,4,460200,0898
460204,天涯区,4,460200,0898
460205,崖州区,4,460200,0898
460321,西沙群岛,4,460300,0898
460322,南沙群岛,4,460300,0898
460323,中沙群岛的岛礁及其海域,4,460300,0898
469001,五指山市,4,469000,0898
469002,琼海市,4,469000,0898
469005,文昌市,4,469000,0898
469006,万宁市,4,469000,0898
469007,东方市,4,469000,0898
469021,定安县,4,469000,0898
469022,屯昌县,4,469000,0898
469023,澄迈县,4,469000,0898
469024,临高县,4,469000,0898
469025,白沙黎族自治县,4,469000,0898
469026,昌江黎族自治县,4,469000,0898
469027,乐东黎族自治县,4,469000,0898
469028,陵水黎族自治县,4,469000,0898
469029,保亭黎族苗族自治县,4,469000,0898
469030,琼中黎族苗族自治县,4,469000,0898
500101,万州区,4,500100,023
500102,涪陵区,4,500100,023
500103,渝中区,4,500100,023
500104,大渡口区,4,500100,023
500105,江北区,4,500100,023
500106,沙坪坝区,4,500100,023
500107,九龙坡区,4,500100,023
500108,南岸区,4,500100,023
500109,北碚区,4,500100,023
500110,綦江区,4,500100,023
500111,大足区,4,500100,023
500112,渝北区,4,500100,023
500113,巴南区,4,500100,023
500114,黔江区,4,500100,023
500115,长寿区,4,500100,023
500116,江津区,4,500100,023
500117,合川区,4,500100,023
500118,永川区,4,500100,023
500119,南川区,4,500100,023
500120,璧山区,4,500100,023
500151,铜梁区,4,500100,023
500152,潼南区,4,500100,023
500153,荣昌区,4,500100,023
500154,开州区,4,500100,023
500155,梁平区,4,500100,023
500156,武隆区,4,500100,023
500229,城口县,4,500100,023
500230,丰都县,4,500100,023
500231,垫江县,4,500100,023
500233,忠县,4,500100,023
500235,云阳县,4,500100,023
500236,奉节县,4,500100,023
500237,巫山县,4,500100,023
500238,巫溪县,4,500100,023
500240,石柱土家族自治县,4,500100,023
500241,秀山土家族苗族自治县,4,500100,023
500242,酉阳土家族苗族自治县,4,500100,023
500243,彭水苗族土家族自治县,4,500100,023
510104,锦江区,4,510100,028
510105,青羊区,4,510100,028
510106,金牛区,4,510100,028
510107,武侯区,4,510100,028
510108,成华区,4,510100,028
510112,龙泉驿区,4,510100,028
510113,青白江区,4,510100,028
510114,新都区,4,510100,028
510115,温江区,4,510100,028
510116,双流区,4,510100,028
510117,郫都区,4,510100,028
510118,新津区,4,510100,028
510121,金堂县,4,510100,028
510129,大邑县,4,510100,028
510131,蒲江县,4,510100,028
510181,都江堰市,4,510100,028
510182,彭州市,4,510100,028
510183,邛崃市,4,510100,028
510184,崇州市,4,510100,028
510185,简阳市,4,510100,028
510302,自流井区,4,510300,0813
510303,贡井区,4,510300,0813
510304,大安区,4,510300,0813
510311,沿滩区,4,510300,0813
510321,荣县,4,510300,0813
510322,富顺县,4,510300,0813
510402,东区,4,510400,0812
510403,西区,4,510400,0812
510411,仁和区,4,510400,0812
510421,米易县,4,510400,0812
510422,盐边县,4,510400,0812
510502,江阳区,4,510500,0830
510503,纳溪区,4,510500,0830
510504,龙马潭区,4,510500,0830
510521,泸县,4,510500,0830
510522,合江县,4,510500,0830
510524,叙永县,4,510500,0830
510525,古蔺县,4,510500,0830
510603,旌阳区,4,510600,0838
510604,罗江区,4,510600,0838
510623,中江县,4,510600,0838
510681,广汉市,4,510600,0838
510682,什邡市,4,510600,0838
510683,绵竹市,4,510600,0838
510703,涪城区,4,510700,0816
510704,游仙区,4,510700,0816
510705,安州区,4,510700,0816
510722,三台县,4,510700,0816
510723,盐亭县,4,510700,0816
510725,梓潼县,4,510700,0816
510726,北川羌族自治县,4,510700,0816
510727,平武县,4,510700,0816
510781,江油市,4,510700,0816
510802,利州区,4,510800,0839
510811,昭化区,4,510800,0839
510812,朝天区,4,510800,0839
510821,旺苍县,4,510800,0839
510822,青川县,4,510800,0839
510823,剑阁县,4,510800,0839
510824,苍溪县,4,510800,0839
510903,船山区,4,510900,0825
510904,安居区,4,510900,0825
510921,蓬溪县,4,510900,0825
510923,大英县,4,510900,0825
510981,射洪市,4,510900,0825
511002,市中区,4,511000,0832
511011,东兴区,4,511000,0832
511024,威远县,4,511000,0832
511025,资中县,4,511000,0832
511071,内江经济开发区,4,511000,0832
511083,隆昌市,4,511000,0832
511102,市中区,4,511100,0833
511111,沙湾区,4,511100,0833
511112,五通桥区,4,511100,0833
511113,金口河区,4,511100,0833
511123,犍为县,4,511100,0833
511124,井研县,4,511100,0833
511126,夹江县,4,511100,0833
511129,沐川县,4,511100,0833
511132,峨边彝族自治县,4,511100,0833
511133,马边彝族自治县,4,511100,0833
511181,峨眉山市,4,511100,0833
511302,顺庆区,4,511300,0817
511303,高坪区,4,511300,0817
511304,嘉陵区,4,511300,0817
511321,南部县,4,511300,0817
511322,营山县,4,511300,0817
511323,蓬安县,4,511300,0817
511324,仪陇县,4,511300,0817
511325,西充县,4,511300,0817
511381,阆中市,4,511300,0817
511402,东坡区,4,511400,0833
511403,彭山区,4,511400,0833
511421,仁寿县,4,511400,0833
511423,洪雅县,4,511400,0833
511424,丹棱县,4,511400,0833
511425,青神县,4,511400,0833
511502,翠屏区,4,511500,0831
511503,南溪区,4,511500,0831
511504,叙州区,4,511500,0831
511523,江安县,4,511500,0831
511524,长宁县,4,511500,0831
511525,高县,4,511500,0831
511526,珙县,4,511500,0831
511527,筠连县,4,511500,0831
511528,兴文县,4,511500,0831
511529,屏山县,4,511500,0831
511602,广安区,4,511600,0826
511603,前锋区,4,511600,0826
511621,岳池县,4,511600,0826
511622,武胜县,4,511600,0826
511623,邻水县,4,511600,0826
511681,华蓥市,4,511600,0826
511702,通川区,4,511700,0818
511703,达川区,4,511700,0818
511722,宣汉县,4,511700,0818
511723,开江县,4,511700,0818
511724,大竹县,4,511700,0818
511725,渠县,4,511700,0818
511771,达州经济开发区,4,511700,0818
511781,万源市,4,511700,0818
511802,雨城区,4,511800,0835
511803,名山区,4,511800,0835
511822,荥经县,4,511800,0835
511823,汉源县,4,511800,0835
511824,石棉县,4,511800,0835
511825,天全县,4,511800,0835
511826,芦山县,4,511800,0835
511827,宝兴县,4,511800,0835
511902,巴州区,4,511900,0827
511903,恩阳区,4,511900,0827
511921,通江县,4,511900,0827
511922,南江县,4,511900,0827
511923,平昌县,4,511900,0827
511971,巴中经济开发区,4,511900,0827
512002,雁江区,4,512000,0832
512021,安岳县,4,512000,0832
512022,乐至县,4,512000,0832
513201,马尔康市,4,513200,0837
513221,汶川县,4,513200,0837
513222,理县,4,513200,0837
513223,茂县,4,513200,0837
513224,松潘县,4,513200,0837
513225,九寨沟县,4,513200,0837
513226,金川县,4,513200,0837
513227,小金县,4,513200,0837
513228,黑水县,4,513200,0837
513230,壤塘县,4,513200,0837
513231,阿坝县,4,513200,0837
513232,若尔盖县,4,513200,0837
513233,红原县,4,513200,0837
513301,康定市,4,513300,0836
513322,泸定县,4,513300,0836
513323,丹巴县,4,513300,0836
513324,九龙县,4,513300,0836
513325,雅江县,4,513300,0836
513326,道孚县,4,513300,0836
513327,炉霍县,4,513300,0836
513328,甘孜县,4,513300,0836
513329,新龙县,4,513300,0836
513330,德格县,4,513300,0836
513331,白玉县,4,513300,0836
513332,石渠县,4,513300,0836
513333,色达县,4,513300,0836
513334,理塘县,4,513300,0836
513335,巴塘县,4,513300,0836
513336,乡城县,4,513300,0836
513337,稻城县,4,513300,0836
513338,得荣县,4,513300,0836
513401,西昌市,4,513400,0834
513402,会理市,4,513400,0834
513422,木里藏族自治县,4,513400,0834
513423,盐源县,4,513400,0834
513424,德昌县,4,513400,0834
513426,会东县,4,513400,0834
513427,宁南县,4,513400,0834
513428,普格县,4,513400,0834
513429,布拖县,4,513400,0834
513430,金阳县,4,513400,0834
513431,昭觉县,4,513400,0834
513432,喜德县,4,513400,0834
513433,冕宁县,4,513400,0834
513434,越西县,4,513400,0834
513435,甘洛县,4,513400,0834
513436,美姑县,4,513400,0834
513437,雷波县,4,513400,0834
520102,南明区,4,520100,0851
520103,云岩区,4,520100,0851
520111,花溪区,4,520100,0851
520112,乌当区,4,520100,0851
520113,白云区,4,520100,0851
520115,观山湖区,4,520100,0851
520121,开阳县,4,520100,0851
520122,息烽县,4,520100,0851
520123,修文县,4,520100,0851
520181,清镇市,4,520100,0851
520201,钟山区,4,520200,0858
520203,六枝特区,4,520200,0858
520204,水城区,4,520200,0858
520281,盘州市,4,520200,0858
520302,红花岗区,4,520300,0852
520303,汇川区,4,520300,0852
520304,播州区,4,520300,0852
520322,桐梓县,4,520300,0852
520323,绥阳县,4,520300,0852
520324,正安县,4,520300,0852
520325,道真仡佬族苗族自治县,4,520300,0852
520326,务川仡佬族苗族自治县,4,520300,0852
520327,凤冈县,4,520300,0852
520328,湄潭县,4,520300,0852
520329,余庆县,4,520300,0852
520330,习水县,4,520300,0852
520381,赤水市,4,520300,0852
520382,仁怀市,4,520300,0852
520402,西秀区,4,520400,0853
520403,平坝区,4,520400,0853
520422,普定县,4,520400,0853
520423,镇宁布依族苗族自治县,4,520400,0853
520424,关岭布依族苗族自治县,4,520400,0853
520425,紫云苗族布依族自治县,4,520400,0853
520502,七星关区,4,520500,0857
520521,大方县,4,520500,0857
520523,金沙县,4,520500,0857
520524,织金县,4,520500,0857
520525,纳雍县,4,520500,0857
520526,威宁彝族回族苗族自治县,4,520500,0857
520527,赫章县,4,520500,0857
520581,黔西市,4,520500,0857
520602,碧江区,4,520600,0856
520603,万山区,4,520600,0856
520621,江口县,4,520600,0856
520622,玉屏侗族自治县,4,520600,0856
520623,石阡县,4,520600,0856
520624,思南县,4,520600,0856
520625,印江土家族苗族自治县,4,520600,0856
520626,德江县,4,520600,0856
520627,沿河土家族自治县,4,520600,0856
520628,松桃苗族自治县,4,520600,0856
522301,兴义市,4,522300,0859
522302,兴仁市,4,522300,0859
522323,普安县,4,522300,0859
522324,晴隆县,4,522300,0859
522325,贞丰县,4,522300,0859
522326,望谟县,4,522300,0859
522327,册亨县,4,522300,0859
522328,安龙县,4,522300,0859
522601,凯里市,4,522600,0855
522622,黄平县,4,522600,0855
522623,施秉县,4,522600,0855
522624,三穗县,4,522600,0855
522625,镇远县,4,522600,0855
522626,岑巩县,4,522600,0855
522627,天柱县,4,522600,0855
522628,锦屏县,4,522600,0855
522629,剑河县,4,522600,0855
522630,台江县,4,522600,0855
522631,黎平县,4,522600,0855
522632,榕江县,4,522600,0855
522633,从江县,4,522600,0855
522634,雷山县,4,522600,0855
522635,麻江县,4,522600,0855
522636,丹寨县,4,522600,0855
522701,都匀市,4,522700,0854
522702,福泉市,4,522700,0854
522722,荔波县,4,522700,0854
522723,贵定县,4,522700,0854
522725,瓮安县,4,522700,0854
522726,独山县,4,522700,0854
522727,平塘县,4,522700,0854
522728,罗甸县,4,522700,0854
522729,长顺县,4,522700,0854
522730,龙里县,4,522700,0854
522731,惠水县,4,522700,0854
522732,三都水族自治县,4,522700,0854
530102,五华区,4,530100,0871
530103,盘龙区,4,530100,0871
530111,官渡区,4,530100,0871
530112,西山区,4,530100,0871
530113,东川区,4,530100,0871
530114,呈贡区,4,530100,0871
530115,晋宁区,4,530100,0871
530124,富民县,4,530100,0871
530125,宜良县,4,530100,0871
530126,石林彝族自治县,4,530100,0871
530127,嵩明县,4,530100,0871
530128,禄劝彝族苗族自治县,4,530100,0871
530129,寻甸回族彝族自治县,4,530100,0871
530181,安宁市,4,530100,0871
530302,麒麟区,4,530300,0874
530303,沾益区,4,530300,0874
530304,马龙区,4,530300,0874
530322,陆良县,4,530300,0874
530323,师宗县,4,530300,0874
530324,罗平县,4,530300,0874
530325,富源县,4,530300,0874
530326,会泽县,4,530300,0874
530381,宣威市,4,530300,0874
530402,红塔区,4,530400,0877
530403,江川区,4,530400,0877
530423,通海县,4,530400,0877
530424,华宁县,4,530400,0877
530425,易门县,4,530400,0877
530426,峨山彝族自治县,4,530400,0877
530427,新平彝族傣族自治县,4,530400,0877
530428,元江哈尼族彝族傣族自治县,4,530400,0877
530481,澄江市,4,530400,0877
530502,隆阳区,4,530500,0875
530521,施甸县,4,530500,0875
530523,龙陵县,4,530500,0875
530524,昌宁县,4,530500,0875
530581,腾冲市,4,530500,0875
530602,昭阳区,4,530600,0870
530621,鲁甸县,4,530600,0870
530622,巧家县,4,530600,0870
530623,盐津县,4,530600,0870
530624,大关县,4,530600,0870
530625,永善县,4,530600,0870
530626,绥江县,4,530600,0870
530627,镇雄县,4,530600,0870
530628,彝良县,4,530600,0870
530629,威信县,4,530600,0870
530681,水富市,4,530600,0870
530702,古城区,4,530700,0888
530721,玉龙纳西族自治县,4,530700,0888
530722,永胜县,4,530700,0888
530723,华坪县,4,530700,0888
530724,宁蒗彝族自治县,4,530700,0888
530802,思茅区,4,530800,0879
530821,宁洱哈尼族彝族自治县,4,530800,0879
530822,墨江哈尼族自治县,4,530800,0879
530823,景东彝族自治县,4,530800,0879
530824,景谷傣族彝族自治县,4,530800,0879
530825,镇沅彝族哈尼族拉祜族自治县,4,530800,0879
530826,江城哈尼族彝族自治县,4,530800,0879
530827,孟连傣族拉祜族佤族自治县,4,530800,0879
530828,澜沧拉祜族自治县,4,530800,0879
530829,西盟佤族自治县,4,530800,0879
530902,临翔区,4,530900,0883
530921,凤庆县,4,530900,0883
530922,云县,4,530900,0883
530923,永德县,4,530900,0883
530924,镇康县,4,530900,0883
530925,双江拉祜族佤族布朗族傣族自治县,4,530900,0883
530926,耿马傣族佤族自治县,4,530900,0883
530927,沧源佤族自治县,4,530900,0883
532301,楚雄市,4,532300,0878
532302,禄丰市,4,532300,0878
532322,双柏县,4,532300,0878
532323,牟定县,4,532300,0878
532324,南华县,4,532300,0878
532325,姚安县,4,532300,0878
532326,大姚县,4,532300,0878
532327,永仁县,4,532300,0878
532328,元谋县,4,532300,0878
532329,武定县,4,532300,0878
532501,个旧市,4,532500,0873
532502,开远市,4,532500,0873
532503,蒙自市,4,532500,0873
532504,弥勒市,4,532500,0873
532523,屏边苗族自治县,4,532500,0873
532524,建水县,4,532500,0873
532525,石屏县,4,532500,0873
532527,泸西县,4,532500,0873
532528,元阳县,4,532500,0873
532529,红河县,4,532500,0873
532530,金平苗族瑶族傣族自治县,4,532500,0873
532531,绿春县,4,532500,0873
532532,河口瑶族自治县,4,532500,0873
532601,文山市,4,532600,0876
532622,砚山县,4,532600,0876
532623,西畴县,4,532600,0876
532624,麻栗坡县,4,532600,0876
532625,马关县,4,532600,0876
532626,丘北县,4,532600,0876
532627,广南县,4,532600,0876
532628,富宁县,4,532600,0876
532801,景洪市,4,532800,0691
532822,勐海县,4,532800,0691
532823,勐腊县,4,532800,0691
532901,大理市,4,532900,0872
532922,漾濞彝族自治县,4,532900,0872
532923,祥云县,4,532900,0872
532924,宾川县,4,532900,0872
532925,弥渡县,4,532900,0872
532926,南涧彝族自治县,4,532900,0872
532927,巍山彝族回族自治县,4,532900,0872
532928,永平县,4,532900,0872
532929,云龙县,4,532900,0872
532930,洱源县,4,532900,0872
532931,剑川县,4,532900,0872
532932,鹤庆县,4,532900,0872
533102,瑞丽市,4,533100,0692
533103,芒市,4,533100,0692
533122,梁河县,4,533100,0692
533123,盈江县,4,533100,0692
533124,陇川县,4,533100,0692
533301,泸水市,4,533300,0886
533323,福贡县,4,533300,0886
533324,贡山独龙族怒族自治县,4,533300,0886
533325,兰坪白族普米族自治县,4,533300,0886
533401,香格里拉市,4,533400,0887
533422,德钦县,4,533400,0887
533423,维西傈僳族自治县,4,533400,0887
540102,城关区,4,540100,0891
540103,堆龙德庆区,4,540100,0891
540104,达孜区,4,540100,0891
540121,林周县,4,540100,0891
540122,当雄县,4,540100,0891
540123,尼木县,4,540100,0891
540124,曲水县,4,540100,0891
540127,墨竹工卡县,4,540100,0891
540171,格尔木藏青工业园区,4,540100,0891
540172,拉萨经济技术开发区,4,540100,0891
540173,西藏文化旅游创意园区,4,540100,0891
540174,达孜工业园区,4,540100,0891
540202,桑珠孜区,4,540200,0892
540221,南木林县,4,540200,0892
540222,江孜县,4,540200,0892
540223,定日县,4,540200,0892
540224,萨迦县,4,540200,0892
540225,拉孜县,4,540200,0892
540226,昂仁县,4,540200,0892
540227,谢通门县,4,540200,0892
540228,白朗县,4,540200,0892
540229,仁布县,4,540200,0892
540230,康马县,4,540200,0892
540231,定结县,4,540200,0892
540232,仲巴县,4,540200,0892
540233,亚东县,4,540200,0892
540234,吉隆县,4,540200,0892
540235,聂拉木县,4,540200,0892
540236,萨嘎县,4,540200,0892
540237,岗巴县,4,540200,0892
540302,卡若区,4,540300,0895
540321,江达县,4,540300,0895
540322,贡觉县,4,540300,0895
540323,类乌齐县,4,540300,0895
540324,丁青县,4,540300,0895
540325,察雅县,4,540300,0895
540326,八宿县,4,540300,0895
540327,左贡县,4,540300,0895
540328,芒康县,4,540300,0895
540329,洛隆县,4,540300,0895
540330,边坝县,4,540300,0895
540402,巴宜区,4,540400,0894
540421,工布江达县,4,540400,0894
540422,米林县,4,540400,0894
540423,墨脱县,4,540400,0894
540424,波密县,4,540400,0894
540425,察隅县,4,540400,0894
540426,朗县,4,540400,0894
540502,乃东区,4,540500,0893
540521,扎囊县,4,540500,0893
540522,贡嘎县,4,540500,0893
540523,桑日县,4,540500,0893
540524,琼结县,4,540500,0893
540525,曲松县,4,540500,0893
540526,措美县,4,540500,0893
540527,洛扎县,4,540500,0893
540528,加查县,4,540500,0893
540529,隆子县,4,540500,0893
540530,错那县,4,540500,0893
540531,浪卡子县,4,540500,0893
540602,色尼区,4,540600,0896
540621,嘉黎县,4,540600,0896
540622,比如县,4,540600,0896
540623,聂荣县,4,540600,0896
540624,安多县,4,540600,0896
540625,申扎县,4,540600,0896
540626,索县,4,540600,0896
540627,班戈县,4,540600,0896
540628,巴青县,4,540600,0896
540629,尼玛县,4,540600,0896
540630,双湖县,4,540600,0896
542521,普兰县,4,542500,0897
542522,札达县,4,542500,0897
542523,噶尔县,4,542500,0897
542524,日土县,4,542500,0897
542525,革吉县,4,542500,0897
542526,改则县,4,542500,0897
542527,措勤县,4,542500,0897
610102,新城区,4,610100,029
610103,碑林区,4,610100,029
610104,莲湖区,4,610100,029
610111,灞桥区,4,610100,029
610112,未央区,4,610100,029
610113,雁塔区,4,610100,029
610114,阎良区,4,610100,029
610115,临潼区,4,610100,029
610116,长安区,4,610100,029
610117,高陵区,4,610100,029
610118,鄠邑区,4,610100,029
610122,蓝田县,4,610100,029
610124,周至县,4,610100,029
610202,王益区,4,610200,0919
610203,印台区,4,610200,0919
610204,耀州区,4,610200,0919
610222,宜君县,4,610200,0919
610302,渭滨区,4,610300,0917
610303,金台区,4,610300,0917
610304,陈仓区,4,610300,0917
610305,凤翔区,4,610300,0917
610323,岐山县,4,610300,0917
610324,扶风县,4,610300,0917
610326,眉县,4,610300,0917
610327,陇县,4,610300,0917
610328,千阳县,4,610300,0917
610329,麟游县,4,610300,0917
610330,凤县,4,610300,0917
610331,太白县,4,610300,0917
610402,秦都区,4,610400,0910
610403,杨陵区,4,610400,0910
610404,渭城区,4,610400,0910
610422,三原县,4,610400,0910
610423,泾阳县,4,610400,0910
610424,乾县,4,610400,0910
610425,礼泉县,4,610400,0910
610426,永寿县,4,610400,0910
610428,长武县,4,610400,0910
610429,旬邑县,4,610400,0910
610430,淳化县,4,610400,0910
610431,武功县,4,610400,0910
610481,兴平市,4,610400,0910
610482,彬州市,4,610400,0910
610502,临渭区,4,610500,0913
610503,华州区,4,610500,0913
610522,潼关县,4,610500,0913
610523,大荔县,4,610500,0913
610524,合阳县,4,610500,0913
610525,澄城县,4,610500,0913
610526,蒲城县,4,610500,0913
610527,白水县,4,610500,0913
610528,富平县,4,610500,0913
610581,韩城市,4,610500,0913
610582,华阴市,4,610500,0913
610602,宝塔区,4,610600,0911
610603,安塞区,4,610600,0911
610621,延长县,4,610600,0911
610622,延川县,4,610600,0911
610625,志丹县,4,610600,0911
610626,吴起县,4,610600,0911
610627,甘泉县,4,610600,0911
610628,富县,4,610600,0911
610629,洛川县,4,610600,0911
610630,宜川县,4,610600,0911
610631,黄龙县,4,610600,0911
610632,黄陵县,4,610600,0911
610681,子长市,4,610600,0911
610702,汉台区,4,610700,0916
610703,南郑区,4,610700,0916
610722,城固县,4,610700,0916
610723,洋县,4,610700,0916
610724,西乡县,4,610700,0916
610725,勉县,4,610700,0916
610726,宁强县,4,610700,0916
610727,略阳县,4,610700,0916
610728,镇巴县,4,610700,0916
610729,留坝县,4,610700,0916
610730,佛坪县,4,610700,0916
610802,榆阳区,4,610800,0912
610803,横山区,4,610800,0912
610822,府谷县,4,610800,0912
610824,靖边县,4,610800,0912
610825,定边县,4,610800,0912
610826,绥德县,4,610800,0912
610827,米脂县,4,610800,0912
610828,佳县,4,610800,0912
610829,吴堡县,4,610800,0912
610830,清涧县,4,610800,0912
610831,子洲县,4,610800,0912
610881,神木市,4,610800,0912
610902,汉滨区,4,610900,0915
610921,汉阴县,4,610900,0915
610922,石泉县,4,610900,0915
610923,宁陕县,4,610900,0915
610924,紫阳县,4,610900,0915
610925,岚皋县,4,610900,0915
610926,平利县,4,610900,0915
610927,镇坪县,4,610900,0915
610929,白河县,4,610900,0915
610981,旬阳市,4,610900,0915
611002,商州区,4,611000,0914
611021,洛南县,4,611000,0914
611022,丹凤县,4,611000,0914
611023,商南县,4,611000,0914
611024,山阳县,4,611000,0914
611025,镇安县,4,611000,0914
611026,柞水县,4,611000,0914
620102,城关区,4,620100,0931
620103,七里河区,4,620100,0931
620104,西固区,4,620100,0931
620105,安宁区,4,620100,0931
620111,红古区,4,620100,0931
620121,永登县,4,620100,0931
620122,皋兰县,4,620100,0931
620123,榆中县,4,620100,0931
620171,兰州新区,4,620100,0931
620201,嘉峪关市,4,620200,0937
620302,金川区,4,620300,0935
620321,永昌县,4,620300,0935
620402,白银区,4,620400,0943
620403,平川区,4,620400,0943
620421,靖远县,4,620400,0943
620422,会宁县,4,620400,0943
620423,景泰县,4,620400,0943
620502,秦州区,4,620500,0938
620503,麦积区,4,620500,0938
620521,清水县,4,620500,0938
620522,秦安县,4,620500,0938
620523,甘谷县,4,620500,0938
620524,武山县,4,620500,0938
620525,张家川回族自治县,4,620500,0938
620602,凉州区,4,620600,0935
620621,民勤县,4,620600,0935
620622,古浪县,4,620600,0935
620623,天祝藏族自治县,4,620600,0935
620702,甘州区,4,620700,0936
620721,肃南裕固族自治县,4,620700,0936
620722,民乐县,4,620700,0936
620723,临泽县,4,620700,0936
620724,高台县,4,620700,0936
620725,山丹县,4,620700,0936
620802,崆峒区,4,620800,0933
620821,泾川县,4,620800,0933
620822,灵台县,4,620800,0933
620823,崇信县,4,620800,0933
620825,庄浪县,4,620800,0933
620826,静宁县,4,620800,0933
620881,华亭市,4,620800,0933
620902,肃州区,4,620900,0937
620921,金塔县,4,620900,0937
620922,瓜州县,4,620900,0937
620923,肃北蒙古族自治县,4,620900,0937
620924,阿克塞哈萨克族自治县,4,620900,0937
620981,玉门市,4,620900,0937
620982,敦煌市,4,620900,0937
621002,西峰区,4,621000,0934
621021,庆城县,4,621000,0934
621022,环县,4,621000,0934
621023,华池县,4,621000,0934
621024,合水县,4,621000,0934
621025,正宁县,4,621000,0934
621026,宁县,4,621000,0934
621027,镇原县,4,621000,0934
621102,安定区,4,621100,0932
621121,通渭县,4,621100,0932
621122,陇西县,4,621100,0932
621123,渭源县,4,621100,0932
621124,临洮县,4,621100,0932
621125,漳县,4,621100,0932
621126,岷县,4,621100,0932
621202,武都区,4,621200,0939
621221,成县,4,621200,0939
621222,文县,4,621200,0939
621223,宕昌县,4,621200,0939
621224,康县,4,621200,0939
621225,西和县,4,621200,0939
621226,礼县,4,621200,0939
621227,徽县,4,621200,0939
621228,两当县,4,621200,0939
622901,临夏市,4,622900,0930
622921,临夏县,4,622900,0930
622922,康乐县,4,622900,0930
622923,永靖县,4,622900,0930
622924,广河县,4,622900,0930
622925,和政县,4,622900,0930
622926,东乡族自治县,4,622900,0930
622927,积石山保安族东乡族撒拉族自治县,4,622900,0930
623001,合作市,4,623000,0941
623021,临潭县,4,623000,0941
623022,卓尼县,4,623000,0941
623023,舟曲县,4,623000,0941
623024,迭部县,4,623000,0941
623025,玛曲县,4,623000,0941
623026,碌曲县,4,623000,0941
623027,夏河县,4,623000,0941
630102,城东区,4,630100,0971
630103,城中区,4,630100,0971
630104,城西区,4,630100,0971
630105,城北区,4,630100,0971
630106,湟中区,4,630100,0971
630121,大通回族土族自治县,4,630100,0971
630123,湟源县,4,630100,0971
630202,乐都区,4,630200,0972
630203,平安区,4,630200,0972
630222,民和回族土族自治县,4,630200,0972
630223,互助土族自治县,4,630200,0972
630224,化隆回族自治县,4,630200,0972
630225,循化撒拉族自治县,4,630200,0972
632221,门源回族自治县,4,632200,0970
632222,祁连县,4,632200,0970
632223,海晏县,4,632200,0970
632224,刚察县,4,632200,0970
632301,同仁市,4,632300,0973
632322,尖扎县,4,632300,0973
632323,泽库县,4,632300,0973
632324,河南蒙古族自治县,4,632300,0973
632521,共和县,4,632500,0974
632522,同德县,4,632500,0974
632523,贵德县,4,632500,0974
632524,兴海县,4,632500,0974
632525,贵南县,4,632500,0974
632621,玛沁县,4,632600,0975
632622,班玛县,4,632600,0975
632623,甘德县,4,632600,0975
632624,达日县,4,632600,0975
632625,久治县,4,632600,0975
632626,玛多县,4,632600,0975
632701,玉树市,4,632700,0976
632722,杂多县,4,632700,0976
632723,称多县,4,632700,0976
632724,治多县,4,632700,0976
632725,囊谦县,4,632700,0976
632726,曲麻莱县,4,632700,0976
632801,格尔木市,4,632800,0979
632802,德令哈市,4,632800,0977
632803,茫崖市,4,632800,0979
632821,乌兰县,4,632800,0977
632822,都兰县,4,632800,0977
632823,天峻县,4,632800,0977
632857,大柴旦行政委员会,4,632800,0977
640104,兴庆区,4,640100,0951
640105,西夏区,4,640100,0951
640106,金凤区,4,640100,0951
640121,永宁县,4,640100,0951
640122,贺兰县,4,640100,0951
640181,灵武市,4,640100,0951
640202,大武口区,4,640200,0952
640205,惠农区,4,640200,0952
640221,平罗县,4,640200,0952
640302,利通区,4,640300,0953
640303,红寺堡区,4,640300,0953
640323,盐池县,4,640300,0953
640324,同心县,4,640300,0953
640381,青铜峡市,4,640300,0953
640402,原州区,4,640400,0954
640422,西吉县,4,640400,0954
640423,隆德县,4,640400,0954
640424,泾源县,4,640400,0954
640425,彭阳县,4,640400,0954
640502,沙坡头区,4,640500,0955
640521,中宁县,4,640500,0955
640522,海原县,4,640500,0955
650102,天山区,4,650100,0991
650103,沙依巴克区,4,650100,0991
650104,新市区,4,650100,0991
650105,水磨沟区,4,650100,0991
650106,头屯河区,4,650100,0991
650107,达坂城区,4,650100,0991
650109,米东区,4,650100,0991
650121,乌鲁木齐县,4,650100,0991
650202,独山子区,4,650200,0992
650203,克拉玛依区,4,650200,0990
650204,白碱滩区,4,650200,0990
650200,克拉玛依市,3,650000,0990
650400,吐鲁番市,3,650000,0995
650500,哈密市,3,650000,0902
652300,昌吉回族自治州,3,650000,0994
652700,博尔塔拉蒙古自治州,3,650000,0909
652800,巴音郭楞蒙古自治州,3,650000,0996
652900,阿克苏地区,3,650000,0997
653000,克孜勒苏柯尔克孜自治州,3,650000,0908
653100,喀什地区,3,650000,0998
653200,和田地区,3,650000,0903
654000,伊犁哈萨克自治州,3,650000,0999
654200,塔城地区,3,650000,0901
654300,阿勒泰地区,3,650000,0906
659000,自治区直辖县级行政区划,3,650000,0991

650205,乌尔禾区,4,650200,0990
650402,高昌区,4,650400,0995
650421,鄯善县,4,650400,0995
650422,托克逊县,4,650400,0995
650502,伊州区,4,650500,0902
650521,巴里坤哈萨克自治县,4,650500,0902
650522,伊吾县,4,650500,0902
652301,昌吉市,4,652300,0994
652302,阜康市,4,652300,0994
652323,呼图壁县,4,652300,0994
652324,玛纳斯县,4,652300,0994
652325,奇台县,4,652300,0994
652327,吉木萨尔县,4,652300,0994
652328,木垒哈萨克自治县,4,652300,0994
652701,博乐市,4,652700,0909
652702,阿拉山口市,4,652700,0909
652722,精河县,4,652700,0909
652723,温泉县,4,652700,0909
652801,库尔勒市,4,652800,0996
652822,轮台县,4,652800,0996
652823,尉犁县,4,652800,0996
652824,若羌县,4,652800,0996
652825,且末县,4,652800,0996
652826,焉耆回族自治县,4,652800,0996
652827,和静县,4,652800,0996
652828,和硕县,4,652800,0996
652829,博湖县,4,652800,0996
652871,库尔勒经济技术开发区,4,652800,0996
652901,阿克苏市,4,652900,0997
652902,库车市,4,652900,0997
652922,温宿县,4,652900,0997
652924,沙雅县,4,652900,0997
652925,新和县,4,652900,0997
652926,拜城县,4,652900,0997
652927,乌什县,4,652900,0997
652928,阿瓦提县,4,652900,0997
652929,柯坪县,4,652900,0997
653001,阿图什市,4,653000,0908
653022,阿克陶县,4,653000,0908
653023,阿合奇县,4,653000,0908
653024,乌恰县,4,653000,0908
653101,喀什市,4,653100,0998
653121,疏附县,4,653100,0998
653122,疏勒县,4,653100,0998
653123,英吉沙县,4,653100,0998
653124,泽普县,4,653100,0998
653125,莎车县,4,653100,0998
653126,叶城县,4,653100,0998
653127,麦盖提县,4,653100,0998
653128,岳普湖县,4,653100,0998
653129,伽师县,4,653100,0998
653130,巴楚县,4,653100,0998
653131,塔什库尔干塔吉克自治县,4,653100,0998
653201,和田市,4,653200,0903
653221,和田县,4,653200,0903
653222,墨玉县,4,653200,0903
653223,皮山县,4,653200,0903
653224,洛浦县,4,653200,0903
653225,策勒县,4,653200,0903
653226,于田县,4,653200,0903
653227,民丰县,4,653200,0903
654002,伊宁市,4,654000,0999
654003,奎屯市,4,654000,0999
654004,霍尔果斯市,4,654000,0999
654021,伊宁县,4,654000,0999
654022,察布查尔锡伯自治县,4,654000,0999
654023,霍城县,4,654000,0999
654024,巩留县,4,654000,0999
654025,新源县,4,654000,0999
654026,昭苏县,4,654000,0999
654027,特克斯县,4,654000,0999
654028,尼勒克县,4,654000,0999
654201,塔城市,4,654200,0901
654202,乌苏市,4,654200,0901
654203,沙湾市,4,654200,0901
654221,额敏县,4,654200,0901
654224,托里县,4,654200,0901
654225,裕民县,4,654200,0901
654226,和布克赛尔蒙古自治县,4,654200,0901
654301,阿勒泰市,4,654300,0906
654321,布尔津县,4,654300,0906
654322,富蕴县,4,654300,0906
654323,福海县,4,654300,0906
654324,哈巴河县,4,654300,0906
654325,青河县,4,654300,0906
654326,吉木乃县,4,654300,0906
659001,石河子市,4,659000,0991
659002,阿拉尔市,4,659000,0991
659003,图木舒克市,4,659000,0991
659004,五家渠市,4,659000,0991
659005,北屯市,4,659000,0991
659006,铁门关市,4,659000,0991
659007,双河市,4,659000,0991
659008,可克达拉市,4,659000,0991
659009,昆玉市,4,659000,0991
659010,胡杨河市,4,659000,0991
659011,新星市,4,659000,0991
810000,香港特别行政区,2,1,1852
820000,澳门特别行政区,2,1,1853
710000,台湾省,2,1,1886
810100,香港特别行政区,3,810000,1852
820100,澳门特别行政区,3,820000,1853
710100,台北市,3,710000,-
710200,高雄市,3,710000,-
710300,基隆市,3,710000,-
710400,台中市,3,710000,-
710500,台南市,3,710000,-
710600,新竹市,3,710000,-
710700,嘉义市,3,710000,-
710800,新北市,3,710000,-
710900,宜兰县,3,710000,-
711000,桃园市,3,710000,-
711100,新竹县,3,710000,-
711200,苗栗县,3,710000,-
711300,彰化县,3,710000,-
711400,南投县,3,710000,-
711500,云林县,3,710000,-
711600,嘉义县,3,710000,-
711700,屏东县,3,710000,-
711800,澎湖县,3,710000,-
711900,花莲县,3,710000,-
712000,台东县,3,710000,-
712100,金门县,3,710000,-
712200,连江县,3,710000,-
710101,台北市,4,710100,1886
710201,高雄市,4,710200,1886
710301,基隆市,4,710300,1886
710401,台中市,4,710400,1886
710501,台南市,4,710500,1886
710601,新竹市,4,710600,1886
710701,嘉义市,4,710700,1886
710801,新北市,4,710800,1886
710901,宜兰县,4,710900,1886
711001,桃园市,4,711000,1886
711101,新竹县,4,711100,1886
711201,苗栗县,4,711200,1886
711301,彰化县,4,711300,1886
711401,南投县,4,711400,1886
711501,云林县,4,711500,1886
711601,嘉义县,4,711600,1886
711701,屏东县,4,711700,1886
711801,澎湖县,4,711800,1886
711901,花莲县,4,711900,1886
712001,台东县,4,712000,1886
712101,金门县,4,712100,1886
712201,连江县,4,712200,1886
810101,中西区,4,810100,1852
810102,湾仔区,4,810100,1852
810103,东区,4,810100,1852
810104,南区,4,810100,1852
810105,油尖旺区,4,810100,1852
810106,深水埗区,4,810100,1852
810107,九龙城区,4,810100,1852
810108,黄大仙区,4,810100,1852
810109,观塘区,4,810100,1852
810110,荃湾区,4,810100,1852
810111,屯门区,4,810100,1852
810112,元朗区,4,810100,1852
810113,北区,4,810100,1852
810114,大埔区,4,810100,1852
810115,西贡区,4,810100,1852
810116,沙田区,4,810100,1852
810117,葵青区,4,810100,1852
810118,离岛区,4,810100,1852
820101,花地玛堂区,4,820100,1853
820102,花王堂区,4,820100,1853
820103,望德堂区,4,820100,1853
820104,大堂区,4,820100,1853
820105,风顺堂区,4,820100,1853
820106,嘉模堂区,4,820100,1853
820107,路凼填海区,4,820100,1853
820108,圣方济各堂区,4,820100,1853